file_name,policy_number,claim_number,incident_date,description,estimated_damage,sentiment,word_count,fraud_flag,severity_level,complexity_score,routing_team,incident_type
CLM-2025-01-0001_batch1_acord_fnol.pdf,INFORMATION,POLICY,31/10/2025,"generated: 2025-10-31 19:06:28 claim policy information claim id: clm-2025-01-0001 policy no: pol-2387512 claim date: 2025-10-11 loss date: 2025-10-04 claimant information name: maria woods age: 32 contact: (805)693-1661 address: 1609 angela cliff, port jaime, in 84216 vehicle information make/model: toyota scorpio (2020) registration: mo 73 lq 4801 odometer: 105321 km declared value: i350,000 incident details the insured was involved in a head-on collision on caitlin plains borough at 03:00 after the opposing vehicle crossed into the lane. serious damage to both vehicles; injuries reported and police on scene. location: 28519 hubbard mills, port jessica weather: clear third party involved: false injuries reported: true police report filed: true police report no: pr-16452 damage estimate damage areas: front bumper, rear bumper, hood estimated damage cost: i12,000 photos attached: 3 policy coverage coverage: comprehensive deductible: i5,000 policy period: 2025-02-10 to 2026-02-10 previous claims: 3 adjuster notes: signature: date: generated by: syntheticgenerator claim id: clm-2025-01-0001 batch: 1 version: v1",202.0,0.015,154,0,Medium,4,Health_Claims,head_on
CLM-2025-01-0002_batch1_acord_fnol.pdf,INFORMATION,POLICY,31/10/2025,"generated: 2025-10-31 19:06:28 claim policy information claim id: clm-2025-01-0002 policy no: pol-1513883 claim date: 2025-10-12 loss date: 2025-10-11 claimant information name: kim robles age: 55 contact: (196)905-9353x8894 address: 4518 elizabeth harbor suite 920, rebeccaside, or 71162 vehicle information make/model: maruti swift (2015) registration: rs 32 eq 1530 odometer: 40681 km declared value: i350,000 incident details while entering the roundabout at petersen passage bury, another driver ran a stop sign and clipped the insured s right front fender. small paint transfer and bumper scuffing observed. location: 033 jason roads suite 924, north brandiborough weather: night third party involved: false injuries reported: true police report filed: true police report no: pr-85674 damage estimate damage areas: trunk estimated damage cost: i150,000 photos attached: 7 policy coverage coverage: own damage deductible: i2,000 policy period: 2024-08-19 to 2025-08-19 previous claims: 0 adjuster notes: signature: date: generated by: syntheticgenerator claim id: clm-2025-01-0002 batch: 1 version: v1",202.0,0.0021,150,0,Medium,4,Health_Claims,intersection
CLM-2025-01-0003_batch1_acord_fnol.pdf,INFORMATION,POLICY,31/10/2025,"generated: 2025-10-31 19:06:28 claim policy information claim id: clm-2025-01-0003 policy no: pol-8241039 claim date: 2025-10-11 loss date: 2025-10-02 claimant information name: tiffany vincent age: 22 contact: 542.552.6397 address: 236 marsh unions, north olivia, va 94111 vehicle information make/model: mahindra swift (2019) registration: ql 30 lq 9912 odometer: 86804 km declared value: i950,000 incident details the insured parked the vehicle outside quinn-chavez parking lot overnight. the next morning it was discovered that the rear window had been smashed and personal items were stolen from the cabin. no injuries reported.",202.0,0.0,88,1,Medium,2,Health_Claims,theft
CLM-2025-01-0004_batch1_acord_fnol.pdf,INFORMATION,POLICY,31/10/2025,"generated: 2025-10-31 19:06:28 claim policy information claim id: clm-2025-01-0004 policy no: pol-6760421 claim date: 2025-10-15 loss date: 2025-10-12 claimant information name: clayton palmer jr. age: 40 contact: (459)009-1995 address: 494 danielle shoal, hawkinschester, wi 37713 vehicle information make/model: toyota octavia (2024) registration: ri 5 vk 4370 odometer: 58677 km declared value: i450,000 incident details at about 04:35 on 2025-10-12, the insured was changing lanes on rachel mount ton when a commercial truck clipped the left rear, causing loss of control and collision with the guardrail. driver complained of ankle pain and was taken to hospital.",202.0,-0.2625,95,0,Medium,2,Health_Claims,collision
CLM-2025-01-0005_batch1_acord_fnol.pdf,INFORMATION,POLICY,31/10/2025,"generated: 2025-10-31 19:06:28 claim policy information claim id: clm-2025-01-0005 policy no: pol-7096258 claim date: 2025-10-27 loss date: 2025-10-21 claimant information name: brandon wilson age: 35 contact: 001-580-287-4154x417 address: 4000 turner mews apt. 258, carolynberg, dc 20566 vehicle information make/model: volkswagen civic (2015) registration: th 66 ia 3510 odometer: 114788 km declared value: i450,000 incident details during reverse parking at young inc parking lot, the insured accidentally hit a stationary pole, scratching the rear quarter panel and bumper. minor cosmetic damage only; no injuries.",202.0,0.1625,83,0,Medium,2,Health_Claims,parking
CLM-2025-01-0006_batch1_acord_fnol.pdf,INFORMATION,POLICY,31/10/2025,"generated: 2025-10-31 19:06:28 claim policy information claim id: clm-2025-01-0006 policy no: pol-8001124 claim date: 2025-10-21 loss date: 2025-10-16 claimant information name: christine robertson age: 28 contact: 574-600-4203 address: 4021 hannah dam, east todd, ri 77123 vehicle information make/model: maruti civic (2018) registration: ed 15 rb 6474 odometer: 43703 km declared value: i450,000 incident details the insured s vehicle was vandalized with key scratches along the driver s side while parked at rodriguez, rowe and harris parking lot. cctv footage requested. no injuries.",202.0,0.0,82,0,Medium,2,Health_Claims,vandalism
CLM-2025-01-0007_batch1_acord_fnol.pdf,INFORMATION,POLICY,31/10/2025,"generated: 2025-10-31 19:06:28 claim policy information claim id: clm-2025-01-0007 policy no: pol-5391622 claim date: 2025-10-12 loss date: 2025-10-08 claimant information name: brooke mcdonald age: 33 contact: (602)213-0542x983 address: 9165 anderson crest suite 219, daletown, al 34691 vehicle information make/model: toyota octavia (2022) registration: cx 75 jv 8094 odometer: 79425 km declared value: i1,200,000 incident details while entering the roundabout at stewart avenue mouth, another driver ran a stop sign and clipped the insured s right front fender. small paint transfer and bumper scuffing observed. location: 052 clay roads, robertaview weather: rainy third party involved: true injuries reported: false police report filed: false police report no: damage estimate damage areas: front bumper, trunk, right mirror estimated damage cost: i350,000 photos attached: 8 policy coverage coverage: own damage deductible: i5,000 policy period: 2024-02-12 to 2025-02-11 previous claims: 3 adjuster notes: signature: date: generated by: syntheticgenerator claim id: clm-2025-01-0007 batch: 1 version: v1",202.0,0.005,150,0,Medium,4,Health_Claims,intersection
CLM-2025-01-0008_batch1_acord_fnol.pdf,INFORMATION,POLICY,31/10/2025,"generated: 2025-10-31 19:06:28 claim policy information claim id: clm-2025-01-0008 policy no: pol-2664755 claim date: 2025-10-05 loss date: 2025-09-25 claimant information name: patrick martinez age: 73 contact: 290.841.2352x862 address: 3239 samuel station, lake larry, ct 55522 vehicle information make/model: skoda octavia (2019) registration: yp 54 sn 1802 odometer: 80466 km declared value: i350,000 incident details while driving on mason underpass port at approximately 03:50, the insured lost control on the wet surface due to heavy rain and skidded into a roadside divider. no other vehicles involved. front-end damage observed; airbag deployed.",202.0,-0.1525,90,0,Low,2,Auto_Claims,unknown
CLM-2025-01-0009_batch1_acord_fnol.pdf,INFORMATION,POLICY,31/10/2025,"generated: 2025-10-31 19:06:28 claim policy information claim id: clm-2025-01-0009 policy no: pol-5321989 claim date: 2025-10-23 loss date: 2025-10-22 claimant information name: crystal moore age: 64 contact: 332.404.4034x620 address: 5571 black estate suite 561, south erica, or 74753 vehicle information make/model: volkswagen corolla (2023) registration: dv 97 jn 6187 odometer: 72001 km declared value: i600,000 incident details on 2025-10-22 at around 00:00, the insured vehicle was stopped at a red light on lopez vista mouth when it was rear-ended by another car. the insured reported minor neck pain and the vehicle s rear bumper and trunk were damaged. location: 616 gabrielle lock, cherylfurt weather: foggy third party involved: true injuries reported: false police report filed: true police report no: pr-58862 damage estimate damage areas: trunk, right mirror, left mirror estimated damage cost: i12,000 photos attached: 2 policy coverage coverage: comprehensive deductible: i5,000 policy period: 2025-02-03 to 2026-02-03 previous claims: 2 adjuster notes: signature: date: generated by: syntheticgenerator claim id: clm-2025-01-0009 batch: 1 version: v1",202.0,0.0548,163,0,Medium,4,Health_Claims,rear_end
CLM-2025-01-0010_batch1_acord_fnol.pdf,INFORMATION,POLICY,31/10/2025,"generated: 2025-10-31 19:06:28 claim policy information claim id: clm-2025-01-0010 policy no: pol-8993221 claim date: 2025-10-16 loss date: 2025-10-14 claimant information name: jessica chambers age: 33 contact: 830.843.8007x9013 address: 7705 ball dale suite 326, sandrachester, nh 12437 vehicle information make/model: maruti i20 (2020) registration: mx 94 rg 5607 odometer: 36213 km declared value: i450,000 incident details the insured collided with a stray animal (deer) on carpenter manor view during low visibility at 08:45. significant front-end damage and radiator leak. tow truck dispatched to remove vehicle.",202.0,0.1875,84,0,Low,2,Auto_Claims,animal
CLM-2025-01-0011_batch1_acord_fnol.pdf,INFORMATION,POLICY,31/10/2025,"generated: 2025-10-31 19:06:28 claim policy information claim id: clm-2025-01-0011 policy no: pol-6021497 claim date: 2025-10-27 loss date: 2025-10-27 claimant information name: jocelyn dean age: 34 contact: (020)881-0550x29483 address: 4948 anna lane suite 942, whiteport, nm 89985 vehicle information make/model: mahindra civic (2018) registration: vk 37 ot 1251 odometer: 24238 km declared value: i450,000 incident details the insured parked the vehicle outside jackson-velasquez parking lot overnight. the next morning it was discovered that the rear window had been smashed and personal items were stolen from the cabin. no injuries reported.",202.0,-0.1875,89,1,Medium,2,Health_Claims,theft
CLM-2025-01-0012_batch1_acord_fnol.pdf,INFORMATION,POLICY,31/10/2025,"generated: 2025-10-31 19:06:28 claim policy information claim id: clm-2025-01-0012 policy no: pol-4423762 claim date: 2025-10-11 loss date: 2025-10-06 claimant information name: evan martinez age: 29 contact: 1-219-367-2630 address: 5035 pratt forest apt. 615, port cassandra, mn 72295 vehicle information make/model: mahindra octavia (2021) registration: ot 32 il 3736 odometer: 150424 km declared value: i600,000 incident details at about 19:45 on 2025-10-06, the insured was changing lanes on jonathan drive furt when a commercial truck clipped the left rear, causing loss of control and collision with the guardrail. driver complained of ankle pain and was taken to hospital.",202.0,0.075,97,0,Medium,2,Health_Claims,collision
CLM-2025-01-0013_batch1_acord_fnol.pdf,INFORMATION,POLICY,31/10/2025,"generated: 2025-10-31 19:06:28 claim policy information claim id: clm-2025-01-0013 policy no: pol-1801473 claim date: 2025-10-05 loss date: 2025-09-30 claimant information name: julie weaver age: 40 contact: 1-121-424-4641x283 address: 76710 christopher prairie apt. 305, lunaport, tn 00524 vehicle information make/model: honda swift (2021) registration: zb 65 pr 7783 odometer: 35484 km declared value: i800,000 incident details the insured was involved in a head-on collision on tim canyon mouth at 10:35 after the opposing vehicle crossed into the lane. serious damage to both vehicles; injuries reported and police on scene.",202.0,0.1333,88,0,Medium,2,Health_Claims,head_on
CLM-2025-01-0014_batch1_acord_fnol.pdf,INFORMATION,POLICY,31/10/2025,"generated: 2025-10-31 19:06:28 claim policy information claim id: clm-2025-01-0014 policy no: pol-6221114 claim date: 2025-10-10 loss date: 2025-09-30 claimant information name: jessica mullen age: 73 contact: 1-061-604-9889x2216 address: unit 1489 box 1339, dpo aa 28647 vehicle information make/model: ford scorpio (2016) registration: mt 1 lf 8429 odometer: 23625 km declared value: i950,000 incident details the insured reported a single-vehicle incident where the car hit a pothole causing tire and rim damage and misalignment. no injuries; repair estimate provided. location: 27775 johnny fall suite 471, nancyport weather: foggy third party involved: false injuries reported: false police report filed: true police report no: pr-96570 damage estimate damage areas: trunk, windshield, rear bumper estimated damage cost: i150,000 photos attached: 1 policy coverage coverage: comprehensive deductible: i2,000 policy period: 2025-03-25 to 2026-03-25 previous claims: 0 adjuster notes: signature: date: generated by: syntheticgenerator claim id: clm-2025-01-0014 batch: 1 version: v1",202.0,-0.1233,145,0,Medium,4,Health_Claims,pothole
CLM-2025-01-0015_batch1_acord_fnol.pdf,INFORMATION,POLICY,31/10/2025,"generated: 2025-10-31 19:06:28 claim policy information claim id: clm-2025-01-0015 policy no: pol-2689883 claim date: 2025-10-27 loss date: 2025-10-24 claimant information name: joshua walker age: 41 contact: 385-092-8662 address: 93743 melissa estates apt. 039, mollyfurt, hi 06270 vehicle information make/model: honda octavia (2016) registration: au 51 dx 8942 odometer: 79140 km declared value: i350,000 incident details at about 05:45 on 2025-10-24, the insured was changing lanes on williams route view when a commercial truck clipped the left rear, causing loss of control and collision with the guardrail. driver complained of ankle pain and was taken to hospital.",202.0,0.075,96,0,Medium,2,Health_Claims,collision
CLM-2025-01-0016_batch1_acord_fnol.pdf,INFORMATION,POLICY,31/10/2025,"generated: 2025-10-31 19:06:28 claim policy information claim id: clm-2025-01-0016 policy no: pol-6209233 claim date: 2025-10-22 loss date: 2025-10-20 claimant information name: brian green age: 44 contact: 304.415.8604x9513 address: 27152 anderson isle suite 034, east daniel, ok 33360 vehicle information make/model: ford corolla (2024) registration: zd 77 lu 9653 odometer: 28859 km declared value: i950,000 incident details during reverse parking at santiago-adams parking lot, the insured accidentally hit a stationary pole, scratching the rear quarter panel and bumper. minor cosmetic damage only; no injuries. location: 05110 jamie harbors apt.",202.0,0.17,88,0,Medium,2,Health_Claims,parking
CLM-2025-01-0017_batch1_acord_fnol.pdf,INFORMATION,POLICY,31/10/2025,"generated: 2025-10-31 19:06:28 claim policy information claim id: clm-2025-01-0017 policy no: pol-5538309 claim date: 2025-10-02 loss date: 2025-09-28 claimant information name: mario williams age: 23 contact: 1-940-048-6753x9094 address: uscgc lucas, fpo ap 77046 vehicle information make/model: maruti ecosport (2020) registration: tf 18 ab 1526 odometer: 31011 km declared value: i600,000 incident details the insured collided with a stray animal (deer) on maria land haven during low visibility at 09:10. significant front-end damage and radiator leak. tow truck dispatched to remove vehicle.",202.0,0.1875,81,0,Low,2,Auto_Claims,animal
CLM-2025-01-0018_batch1_acord_fnol.pdf,INFORMATION,POLICY,31/10/2025,"generated: 2025-10-31 19:06:28 claim policy information claim id: clm-2025-01-0018 policy no: pol-2902600 claim date: 2025-10-10 loss date: 2025-10-06 claimant information name: jimmy davis age: 47 contact: 248.248.5100 address: 0493 schwartz parks, michaelton, nv 25189 vehicle information make/model: mahindra civic (2019) registration: zn 59 dk 4679 odometer: 96489 km declared value: i1,500,000 incident details on 2025-10-06 at around 16:20, the insured vehicle was stopped at a red light on jacqueline stravenue chester when it was rear-ended by another car. the insured reported minor neck pain and the vehicle s rear bumper and trunk were damaged. location: 538 collins rapids, port cynthiamouth weather: clear third party involved: false injuries reported: false police report filed: false police report no: damage estimate damage areas: trunk, hood estimated damage cost: i220,000 photos attached: 6 policy coverage coverage: own damage deductible: i5,000 policy period: 2024-07-08 to 2025-07-08 previous claims: 3 adjuster notes: signature: date: generated by: syntheticgenerator claim id: clm-2025-01-0018 batch: 1 version: v1",202.0,0.0167,158,0,Medium,4,Health_Claims,rear_end
CLM-2025-01-0019_batch1_acord_fnol.pdf,INFORMATION,POLICY,31/10/2025,"generated: 2025-10-31 19:06:28 claim policy information claim id: clm-2025-01-0019 policy no: pol-1730487 claim date: 2025-10-14 loss date: 2025-10-10 claimant information name: stacey vazquez age: 36 contact: (956)274-0072 address: 496 ayala place suite 332, new shannonborough, mn 89168 vehicle information make/model: toyota corolla (2021) registration: yk 96 ma 1641 odometer: 65347 km declared value: i350,000 incident details while driving on schneider avenue ville at approximately 17:05, the insured lost control on the wet surface due to heavy rain and skidded into a roadside divider. no other vehicles involved. front-end damage observed; airbag deployed.",202.0,-0.1966,92,0,Low,2,Auto_Claims,unknown
CLM-2025-01-0020_batch1_acord_fnol.pdf,INFORMATION,POLICY,31/10/2025,"generated: 2025-10-31 19:06:28 claim policy information claim id: clm-2025-01-0020 policy no: pol-2527853 claim date: 2025-10-19 loss date: 2025-10-11 claimant information name: amber hawkins age: 33 contact: 904.290.1467 address: 9190 gilbert ridges apt. 815, travismouth, sc 30942 vehicle information make/model: mahindra vento (2020) registration: vu 34 ws 9572 odometer: 149938 km declared value: i450,000 incident details while entering the roundabout at andrew port furt, another driver ran a stop sign and clipped the insured s right front fender. small paint transfer and bumper scuffing observed.",202.0,0.2119,84,0,Low,2,Health_Claims,intersection
CLM-2025-01-0021_batch1_acord_fnol.pdf,INFORMATION,POLICY,31/10/2025,"generated: 2025-10-31 19:06:28 claim policy information claim id: clm-2025-01-0021 policy no: pol-1587274 claim date: 2025-10-14 loss date: 2025-10-06 claimant information name: douglas carney age: 28 contact: 709-556-1929x69156 address: 399 arnold meadow apt. 449, mercedesville, wi 58682 vehicle information make/model: toyota scorpio (2019) registration: ci 6 jk 3885 odometer: 85118 km declared value: i950,000 incident details while entering the roundabout at jennifer ports land, another driver ran a stop sign and clipped the insured s right front fender. small paint transfer and bumper scuffing observed.",202.0,0.2119,84,0,Low,2,Health_Claims,intersection
CLM-2025-01-0022_batch1_acord_fnol.pdf,INFORMATION,POLICY,31/10/2025,"generated: 2025-10-31 19:06:28 claim policy information claim id: clm-2025-01-0022 policy no: pol-8244792 claim date: 2025-10-26 loss date: 2025-10-20 claimant information name: frank russell age: 40 contact: 1825429760 address: 6138 jason village apt. 879, stanleyside, wy 58577 vehicle information make/model: maruti vento (2024) registration: nv 88 ir 6556 odometer: 24886 km declared value: i800,000 incident details during reverse parking at welch inc parking lot, the insured accidentally hit a stationary pole, scratching the rear quarter panel and bumper. minor cosmetic damage only; no injuries.",202.0,0.1833,83,0,Medium,2,Health_Claims,parking
CLM-2025-01-0023_batch1_acord_fnol.pdf,INFORMATION,POLICY,31/10/2025,"generated: 2025-10-31 19:06:28 claim policy information claim id: clm-2025-01-0023 policy no: pol-9584221 claim date: 2025-10-28 loss date: 2025-10-28 claimant information name: lisa burns age: 28 contact: 242.898.4677x415 address: 2893 vargas ways, careytown, tn 52724 vehicle information make/model: mahindra corolla (2015) registration: nd 1 qn 3761 odometer: 158154 km declared value: i350,000 incident details at about 12:35 on 2025-10-28, the insured was changing lanes on jacob alley mouth when a commercial truck clipped the left rear, causing loss of control and collision with the guardrail. driver complained of ankle pain and was taken to hospital. location: 4639 munoz parks suite 274, lake courtney weather: rainy third party involved: false injuries reported: false police report filed: true police report no: pr-78350 damage estimate damage areas: trunk, right mirror estimated damage cost: i5,000 photos attached: 3 policy coverage coverage: third party deductible: i2,000 policy period: 2025-09-27 to 2026-09-27 previous claims: 1 adjuster notes: signature: date: generated by: syntheticgenerator claim id: clm-2025-01-0023 batch: 1 version: v1",202.0,-0.0119,162,0,Medium,4,Health_Claims,collision
CLM-2025-01-0024_batch1_acord_fnol.pdf,INFORMATION,POLICY,31/10/2025,"generated: 2025-10-31 19:06:28 claim policy information claim id: clm-2025-01-0024 policy no: pol-2751283 claim date: 2025-10-05 loss date: 2025-09-30 claimant information name: leslie salazar age: 29 contact: 1-324-816-8227 address: 97623 bradley grove suite 771, danielsburgh, oh 40576 vehicle information make/model: mahindra scorpio (2022) registration: cx 57 ih 5521 odometer: 37048 km declared value: i600,000 incident details the insured collided with a stray animal (deer) on tony trafficway borough during low visibility at 04:20. significant front-end damage and radiator leak. tow truck dispatched to remove vehicle.",202.0,0.1875,84,0,Low,2,Auto_Claims,animal
CLM-2025-01-0025_batch1_acord_fnol.pdf,INFORMATION,POLICY,31/10/2025,"generated: 2025-10-31 19:06:28 claim policy information claim id: clm-2025-01-0025 policy no: pol-7703288 claim date: 2025-10-31 loss date: 2025-10-24 claimant information name: randy meza age: 58 contact: 116-660-3667 address: 5944 tonya neck apt. 279, south miranda, vt 53639 vehicle information make/model: toyota vento (2022) registration: bg 70 tg 2040 odometer: 37429 km declared value: i450,000 incident details the insured collided with a stray animal (deer) on larry mall port during low visibility at 05:05. significant front-end damage and radiator leak.",202.0,0.325,79,0,Low,2,Auto_Claims,animal
CLM-2025-01-0026_batch1_acord_fnol.pdf,INFORMATION,POLICY,31/10/2025,"generated: 2025-10-31 19:06:28 claim policy information claim id: clm-2025-01-0026 policy no: pol-8298468 claim date: 2025-10-16 loss date: 2025-10-06 claimant information name: daryl crawford age: 71 contact: (070)637-6149 address: uscgc mcdonald, fpo aa 88086 vehicle information make/model: hyundai corolla (2017) registration: ys 12 vc 8634 odometer: 35617 km declared value: i950,000 incident details at about 01:10 on 2025-10-06, the insured was changing lanes on cervantes fort ton when a commercial truck clipped the left rear, causing loss of control and collision with the guardrail. driver complained of ankle pain and was taken to hospital. location: 46160 hayes gateway suite 355, north madison weather: stormy third party involved: true injuries reported: true police report filed: true police report no: pr-16165 damage estimate damage areas: right mirror, front bumper estimated damage cost: i60,000 photos attached: 0 policy coverage coverage: third party deductible: i1,000 policy period: 2024-02-28 to 2025-02-27 previous claims: 1 adjuster notes: signature: date: generated by: syntheticgenerator claim id: clm-2025-01-0026 batch: 1 version: v1",202.0,0.0108,162,0,Medium,4,Health_Claims,collision
CLM-2025-01-0027_batch1_acord_fnol.pdf,INFORMATION,POLICY,31/10/2025,"generated: 2025-10-31 19:06:28 claim policy information claim id: clm-2025-01-0027 policy no: pol-9127081 claim date: 2025-10-08 loss date: 2025-10-02 claimant information name: ronald alvarez age: 52 contact: 364-444-4652x241 address: 8141 timothy burgs apt. 599, alexandertown, mo 08975 vehicle information make/model: honda vento (2015) registration: pd 11 dn 5044 odometer: 17072 km declared value: i1,500,000 incident details the insured collided with a stray animal (deer) on brittany gateway borough during low visibility at 06:20. significant front-end damage and radiator leak.",202.0,0.325,78,0,Low,2,Auto_Claims,animal
CLM-2025-01-0028_batch1_acord_fnol.pdf,INFORMATION,POLICY,31/10/2025,"generated: 2025-10-31 19:06:28 claim policy information claim id: clm-2025-01-0028 policy no: pol-2767886 claim date: 2025-10-23 loss date: 2025-10-15 claimant information name: charles myers age: 60 contact: 388.530.3797x46769 address: 58344 jordan camp, josephbury, ok 71386 vehicle information make/model: hyundai swift (2017) registration: ff 77 ca 8025 odometer: 111428 km declared value: i450,000 incident details the insured reported a single-vehicle incident where the car hit a pothole causing tire and rim damage and misalignment. no injuries; repair estimate provided. location: 146 john trail, south paulamouth weather: night third party involved: true injuries reported: false police report filed: true police report no: pr-49528 damage estimate damage areas: front bumper estimated damage cost: i350,000 photos attached: 3 policy coverage coverage: third party deductible: i1,000 policy period: 2025-04-19 to 2026-04-19 previous claims: 3 adjuster notes: signature: date: generated by: syntheticgenerator claim id: clm-2025-01-0028 batch: 1 version: v1",202.0,0.1815,142,0,Medium,4,Health_Claims,pothole
CLM-2025-01-0029_batch1_acord_fnol.pdf,INFORMATION,POLICY,31/10/2025,"generated: 2025-10-31 19:06:28 claim policy information claim id: clm-2025-01-0029 policy no: pol-3449414 claim date: 2025-10-23 loss date: 2025-10-21 claimant information name: charles jones age: 61 contact: (890)729-5594 address: 5976 anita burg, west sharon, mn 33924 vehicle information make/model: volkswagen ecosport (2021) registration: ms 16 ye 5799 odometer: 78898 km declared value: i350,000 incident details while driving on tina causeway side at approximately 05:50, the insured lost control on the wet surface due to heavy rain and skidded into a roadside divider. no other vehicles involved. front-end damage observed; airbag deployed.",202.0,-0.2521,90,0,Low,2,Auto_Claims,unknown
CLM-2025-01-0030_batch1_acord_fnol.pdf,INFORMATION,POLICY,31/10/2025,"generated: 2025-10-31 19:06:28 claim policy information claim id: clm-2025-01-0030 policy no: pol-4454099 claim date: 2025-10-09 loss date: 2025-10-02 claimant information name: sheryl brown age: 67 contact: 1-176-299-1583x8193 address: usns wallace, fpo ae 79397 vehicle information make/model: ford swift (2015) registration: nj 21 nx 1263 odometer: 60518 km declared value: i350,000 incident details the insured reported a single-vehicle incident where the car hit a pothole causing tire and rim damage and misalignment. no injuries; repair estimate provided. location: 738 butler oval apt.",202.0,0.6,81,0,Medium,2,Health_Claims,pothole
CLM-2025-02-0001_batch2_acord_fnol.pdf,INFORMATION,POLICY,31/10/2025,"generated: 2025-10-31 19:06:28 claim policy information claim id: clm-2025-02-0001 policy no: pol-3879566 claim date: 2025-10-17 loss date: 2025-10-10 claimant information name: jennifer graham age: 29 contact: (037)661-7511x05793 address: 8539 bailey knolls suite 722, south tracy, nj 27739 vehicle information make/model: honda swift (2020) registration: ut 21 pc 4885 odometer: 100824 km declared value: i800,000 incident details the insured parked the vehicle outside green-acosta parking lot overnight. the next morning it was discovered that the rear window had been smashed and personal items were stolen from the cabin. no injuries reported.",202.0,-0.1875,90,1,Medium,2,Health_Claims,theft
CLM-2025-02-0002_batch2_acord_fnol.pdf,INFORMATION,POLICY,31/10/2025,"generated: 2025-10-31 19:06:28 claim policy information claim id: clm-2025-02-0002 policy no: pol-7382694 claim date: 2025-10-14 loss date: 2025-10-06 claimant information name: bradley allison age: 41 contact: 402-512-0670x072 address: 305 madeline trail, michaelshire, ct 10370 vehicle information make/model: honda civic (2021) registration: jd 12 ym 6979 odometer: 123012 km declared value: i450,000 incident details the insured parked the vehicle outside wood, padilla and powell parking lot overnight. the next morning it was discovered that the rear window had been smashed and personal items were stolen from the cabin. no injuries reported.",202.0,0.0,90,1,Medium,2,Health_Claims,theft
CLM-2025-02-0003_batch2_acord_fnol.pdf,INFORMATION,POLICY,31/10/2025,"generated: 2025-10-31 19:06:28 claim policy information claim id: clm-2025-02-0003 policy no: pol-5022753 claim date: 2025-10-16 loss date: 2025-10-06 claimant information name: david rogers age: 57 contact: 692.336.0143 address: uss brock, fpo ae 45551 vehicle information make/model: ford civic (2019) registration: kw 18 sl 1220 odometer: 35476 km declared value: i600,000 incident details while driving on adam harbors berg at approximately 23:00, the insured lost control on the wet surface due to heavy rain and skidded into a roadside divider. no other vehicles involved. front-end damage observed; airbag deployed.",202.0,-0.1525,88,0,Low,2,Auto_Claims,unknown
CLM-2025-02-0004_batch2_acord_fnol.pdf,INFORMATION,POLICY,31/10/2025,"generated: 2025-10-31 19:06:28 claim policy information claim id: clm-2025-02-0004 policy no: pol-5923473 claim date: 2025-10-11 loss date: 2025-10-11 claimant information name: cindy estes age: 72 contact: 4717896923 address: 29169 taylor dale apt. 141, montgomeryville, or 29677 vehicle information make/model: toyota ecosport (2022) registration: vc 51 yl 8482 odometer: 92300 km declared value: i1,200,000 incident details at about 18:00 on 2025-10-11, the insured was changing lanes on jacob square ville when a commercial truck clipped the left rear, causing loss of control and collision with the guardrail. driver complained of ankle pain and was taken to hospital.",202.0,0.075,96,0,Medium,2,Health_Claims,collision
CLM-2025-02-0005_batch2_acord_fnol.pdf,INFORMATION,POLICY,31/10/2025,"generated: 2025-10-31 19:06:28 claim policy information claim id: clm-2025-02-0005 policy no: pol-9546833 claim date: 2025-10-23 loss date: 2025-10-18 claimant information name: jennifer clark age: 52 contact: 1-575-768-7984 address: 8375 timothy locks suite 170, myersbury, nm 74998 vehicle information make/model: volkswagen octavia (2019) registration: wg 58 gb 5772 odometer: 125163 km declared value: i950,000 incident details the insured reported a single-vehicle incident where the car hit a pothole causing tire and rim damage and misalignment. no injuries; repair estimate provided. location: 37006 nicole junction suite 218, franklinchester weather: rainy third party involved: false injuries reported: true police report filed: false police report no: damage estimate damage areas: windshield estimated damage cost: i150,000 photos attached: 5 policy coverage coverage: comprehensive deductible: i1,000 policy period: 2025-08-05 to 2026-08-05 previous claims: 0 adjuster notes: signature: date: generated by: syntheticgenerator claim id: clm-2025-02-0005 batch: 2 version: v1",202.0,-0.1233,142,0,Medium,4,Health_Claims,pothole
CLM-2025-02-0006_batch2_acord_fnol.pdf,INFORMATION,POLICY,31/10/2025,"generated: 2025-10-31 19:06:28 claim policy information claim id: clm-2025-02-0006 policy no: pol-5438671 claim date: 2025-10-12 loss date: 2025-10-02 claimant information name: andrew perry age: 33 contact: 152.382.2300x464 address: 9457 william ramp, patriciaburgh, md 31725 vehicle information make/model: ford vento (2024) registration: xl 36 kh 6945 odometer: 15766 km declared value: i350,000 incident details the insured s vehicle was vandalized with key scratches along the driver s side while parked at hughes, patton and roman parking lot. cctv footage requested. no injuries.",202.0,0.0,81,0,Medium,2,Health_Claims,vandalism
CLM-2025-02-0007_batch2_acord_fnol.pdf,INFORMATION,POLICY,31/10/2025,"generated: 2025-10-31 19:06:28 claim policy information claim id: clm-2025-02-0007 policy no: pol-2234395 claim date: 2025-10-07 loss date: 2025-09-27 claimant information name: bryan livingston age: 24 contact: 209.412.9843x3380 address: 627 brown mountains, port cynthiahaven, ut 33679 vehicle information make/model: volkswagen i20 (2017) registration: qn 21 tr 6561 odometer: 43912 km declared value: i800,000 incident details the insured s vehicle was vandalized with key scratches along the driver s side while parked at williams, cannon and anderson parking lot. cctv footage requested. no injuries.",202.0,0.0,82,0,Medium,2,Health_Claims,vandalism
CLM-2025-02-0008_batch2_acord_fnol.pdf,INFORMATION,POLICY,31/10/2025,"generated: 2025-10-31 19:06:28 claim policy information claim id: clm-2025-02-0008 policy no: pol-5006172 claim date: 2025-10-24 loss date: 2025-10-14 claimant information name: jerry smith age: 31 contact: 125-407-0530x367 address: 01980 baxter drive, east ronald, ny 53852 vehicle information make/model: toyota vento (2023) registration: ft 27 zy 8909 odometer: 89641 km declared value: i600,000 incident details the insured was involved in a head-on collision on william way view at 00:50 after the opposing vehicle crossed into the lane. serious damage to both vehicles; injuries reported and police on scene. location: 275 mccullough curve apt.",202.0,0.1333,92,0,Medium,2,Health_Claims,head_on
CLM-2025-02-0009_batch2_acord_fnol.pdf,INFORMATION,POLICY,31/10/2025,"generated: 2025-10-31 19:06:28 claim policy information claim id: clm-2025-02-0009 policy no: pol-1314589 claim date: 2025-10-19 loss date: 2025-10-10 claimant information name: laura clark age: 74 contact: (742)156-6131x883 address: 79316 daniel knolls, west michelle, nj 83017 vehicle information make/model: ford scorpio (2019) registration: yn 87 mw 4254 odometer: 146864 km declared value: i600,000 incident details the insured collided with a stray animal (deer) on jennifer shores haven during low visibility at 14:00. significant front-end damage and radiator leak. tow truck dispatched to remove vehicle.",202.0,-0.125,83,0,Low,2,Auto_Claims,animal
CLM-2025-02-0010_batch2_acord_fnol.pdf,INFORMATION,POLICY,31/10/2025,"generated: 2025-10-31 19:06:28 claim policy information claim id: clm-2025-02-0010 policy no: pol-8388954 claim date: 2025-10-21 loss date: 2025-10-21 claimant information name: michael gonzales age: 52 contact: 254-692-8117x77565 address: psc 6544, box 5729, apo aa 47740 vehicle information make/model: ford i20 (2023) registration: bq 2 dg 9648 odometer: 130172 km declared value: i1,500,000 incident details the insured reported a single-vehicle incident where the car hit a pothole causing tire and rim damage and misalignment. no injuries; repair estimate provided. location: 752 butler spurs, amandaberg weather: night third party involved: true injuries reported: false police report filed: true police report no: pr-61588 damage estimate damage areas: left mirror, right door, trunk estimated damage cost: i220,000 photos attached: 0 policy coverage coverage: comprehensive deductible: i5,000 policy period: 2024-03-02 to 2025-03-02 previous claims: 3 adjuster notes: signature: date: generated by: syntheticgenerator claim id: clm-2025-02-0010 batch: 2 version: v1",202.0,0.1149,144,0,Medium,4,Health_Claims,pothole
CLM-2025-02-0011_batch2_acord_fnol.pdf,INFORMATION,POLICY,31/10/2025,"generated: 2025-10-31 19:06:28 claim policy information claim id: clm-2025-02-0011 policy no: pol-1959942 claim date: 2025-10-12 loss date: 2025-10-11 claimant information name: todd garcia age: 50 contact: 001-254-211-3477x675 address: 3804 hughes bypass apt. 458, west brianport, ok 14811 vehicle information make/model: skoda swift (2024) registration: ah 5 du 2413 odometer: 26583 km declared value: i1,200,000 incident details on 2025-10-11 at around 01:15, the insured vehicle was stopped at a red light on griffith green side when it was rear-ended by another car. the insured reported minor neck pain and the vehicle s rear bumper and trunk were damaged.",202.0,0.2083,97,0,Medium,2,Health_Claims,rear_end
CLM-2025-02-0012_batch2_acord_fnol.pdf,INFORMATION,POLICY,31/10/2025,"generated: 2025-10-31 19:06:28 claim policy information claim id: clm-2025-02-0012 policy no: pol-4100589 claim date: 2025-10-12 loss date: 2025-10-06 claimant information name: nicole alexander age: 57 contact: 001-049-959-9467x7007 address: 28707 ingram junctions apt. 143, port jessicaton, tn 65994 vehicle information make/model: hyundai scorpio (2024) registration: me 92 ey 7268 odometer: 83244 km declared value: i450,000 incident details the insured reported a single-vehicle incident where the car hit a pothole causing tire and rim damage and misalignment. no injuries; repair estimate provided.",202.0,0.6,80,0,Medium,2,Health_Claims,pothole
CLM-2025-02-0013_batch2_acord_fnol.pdf,INFORMATION,POLICY,31/10/2025,"generated: 2025-10-31 19:06:28 claim policy information claim id: clm-2025-02-0013 policy no: pol-6620056 claim date: 2025-10-25 loss date: 2025-10-23 claimant information name: andrew smith age: 57 contact: 797-632-4722x077 address: 7574 curry ford, donaldville, or 92240 vehicle information make/model: hyundai scorpio (2019) registration: nn 11 gr 4606 odometer: 7659 km declared value: i600,000 incident details the insured s vehicle was vandalized with key scratches along the driver s side while parked at porter-diaz parking lot. cctv footage requested. no injuries.",202.0,0.0,78,0,Medium,2,Health_Claims,vandalism
CLM-2025-02-0014_batch2_acord_fnol.pdf,INFORMATION,POLICY,31/10/2025,"generated: 2025-10-31 19:06:28 claim policy information claim id: clm-2025-02-0014 policy no: pol-7756806 claim date: 2025-10-18 loss date: 2025-10-12 claimant information name: katherine williams age: 21 contact: 349.455.3013x47434 address: 4947 shane key apt. 448, east sandraburgh, ne 25030 vehicle information make/model: hyundai civic (2019) registration: hr 33 ug 3933 odometer: 127680 km declared value: i950,000 incident details the insured was involved in a head-on collision on jenkins ferry berg at 20:00 after the opposing vehicle crossed into the lane. serious damage to both vehicles; injuries reported and police on scene.",202.0,0.0889,89,0,Medium,2,Health_Claims,head_on
CLM-2025-02-0015_batch2_acord_fnol.pdf,INFORMATION,POLICY,31/10/2025,"generated: 2025-10-31 19:06:28 claim policy information claim id: clm-2025-02-0015 policy no: pol-7647387 claim date: 2025-10-10 loss date: 2025-10-02 claimant information name: gabriel duran age: 71 contact: 1-157-106-9344x0529 address: 19438 sheila forest suite 898, west randallmouth, mi 63834 vehicle information make/model: volkswagen octavia (2024) registration: qp 33 sz 9949 odometer: 85752 km declared value: i600,000 incident details at about 20:00 on 2025-10-02, the insured was changing lanes on wilkerson haven bury when a commercial truck clipped the left rear, causing loss of control and collision with the guardrail. driver complained of ankle pain and was taken to hospital. location: 6874 rowe green suite 621, east heather weather: rainy third party involved: false injuries reported: true police report filed: false police report no: damage estimate damage areas: hood, right mirror, front bumper estimated damage cost: i25,000 photos attached: 0 policy coverage coverage: comprehensive deductible: i5,000 policy period: 2025-06-18 to 2026-06-18 previous claims: 3 adjuster notes: signature: date: generated by: syntheticgenerator claim id: clm-2025-02-0015 batch: 2 version: v1",202.0,-0.0301,165,0,Medium,4,Health_Claims,collision
CLM-2025-02-0016_batch2_acord_fnol.pdf,INFORMATION,POLICY,31/10/2025,"generated: 2025-10-31 19:06:28 claim policy information claim id: clm-2025-02-0016 policy no: pol-5326657 claim date: 2025-10-04 loss date: 2025-09-27 claimant information name: alexander kennedy age: 29 contact: 421-425-8001x6020 address: 30386 kimberly prairie, port craig, nc 96865 vehicle information make/model: ford civic (2022) registration: yt 86 hg 9670 odometer: 114310 km declared value: i600,000 incident details the insured s vehicle was vandalized with key scratches along the driver s side while parked at rush-galvan parking lot. cctv footage requested. no injuries.",202.0,0.0,79,0,Medium,2,Health_Claims,vandalism
CLM-2025-02-0017_batch2_acord_fnol.pdf,INFORMATION,POLICY,31/10/2025,"generated: 2025-10-31 19:06:28 claim policy information claim id: clm-2025-02-0017 policy no: pol-1054702 claim date: 2025-10-18 loss date: 2025-10-08 claimant information name: joseph murphy age: 46 contact: 157.783.9271x18797 address: 190 meyer passage suite 979, lindseyberg, il 56055 vehicle information make/model: skoda i20 (2022) registration: ef 53 oq 4307 odometer: 5358 km declared value: i450,000 incident details during reverse parking at ford-nelson parking lot, the insured accidentally hit a stationary pole, scratching the rear quarter panel and bumper. minor cosmetic damage only; no injuries. location: 86679 shawn branch, east heather weather: night third party involved: true injuries reported: true police report filed: true police report no: pr-44743 damage estimate damage areas: right door, left mirror estimated damage cost: i150,000 photos attached: 5 policy coverage coverage: third party deductible: i2,000 policy period: 2025-05-14 to 2026-05-14 previous claims: 3 adjuster notes: signature: date: generated by: syntheticgenerator claim id: clm-2025-02-0017 batch: 2 version: v1",202.0,0.1472,149,0,Medium,4,Health_Claims,parking
CLM-2025-02-0018_batch2_acord_fnol.pdf,INFORMATION,POLICY,31/10/2025,"generated: 2025-10-31 19:06:28 claim policy information claim id: clm-2025-02-0018 policy no: pol-1169833 claim date: 2025-10-02 loss date: 2025-09-25 claimant information name: aaron stone age: 58 contact: 523.557.4697x3031 address: 145 mills lodge suite 750, lake lucasport, ak 11412 vehicle information make/model: toyota ecosport (2022) registration: oo 31 ao 3352 odometer: 146660 km declared value: i600,000 incident details while driving on moore plain burgh at approximately 12:50, the insured lost control on the wet surface due to heavy rain and skidded into a roadside divider. no other vehicles involved. front-end damage observed; airbag deployed.",202.0,-0.1628,92,0,Low,2,Auto_Claims,unknown
CLM-2025-02-0019_batch2_acord_fnol.pdf,INFORMATION,POLICY,31/10/2025,"generated: 2025-10-31 19:06:28 claim policy information claim id: clm-2025-02-0019 policy no: pol-8771607 claim date: 2025-10-03 loss date: 2025-10-02 claimant information name: kevin dean age: 57 contact: (831)941-2184 address: usnv morgan, fpo ae 19400 vehicle information make/model: skoda vento (2016) registration: ut 51 hw 6009 odometer: 72544 km declared value: i350,000 incident details at about 07:35 on 2025-10-02, the insured was changing lanes on osborne lake mouth when a commercial truck clipped the left rear, causing loss of control and collision with the guardrail. driver complained of ankle pain and was taken to hospital. location: 87909 brown hills, south crystal weather: clear third party involved: false injuries reported: true police report filed: true police report no: pr-20453 damage estimate damage areas: left mirror, right mirror estimated damage cost: i12,000 photos attached: 0 policy coverage coverage: own damage deductible: i2,000 policy period: 2024-07-04 to 2025-07-04 previous claims: 1 adjuster notes: signature: date: generated by: syntheticgenerator claim id: clm-2025-02-0019 batch: 2 version: v1",202.0,0.0053,160,0,Medium,4,Health_Claims,collision
CLM-2025-02-0020_batch2_acord_fnol.pdf,INFORMATION,POLICY,31/10/2025,"generated: 2025-10-31 19:06:28 claim policy information claim id: clm-2025-02-0020 policy no: pol-9367650 claim date: 2025-10-13 loss date: 2025-10-13 claimant information name: zachary roberson age: 54 contact: 001-329-325-1787x48171 address: 1389 foster isle, jeffreyhaven, wv 28151 vehicle information make/model: skoda i20 (2017) registration: oo 63 aj 4713 odometer: 48710 km declared value: i800,000 incident details while driving on christine shoal town at approximately 02:15, the insured lost control on the wet surface due to heavy rain and skidded into a roadside divider. no other vehicles involved. front-end damage observed; airbag deployed.",202.0,-0.1525,89,0,Low,2,Auto_Claims,unknown
CLM-2025-02-0021_batch2_acord_fnol.pdf,INFORMATION,POLICY,31/10/2025,"generated: 2025-10-31 19:06:28 claim policy information claim id: clm-2025-02-0021 policy no: pol-5865398 claim date: 2025-10-23 loss date: 2025-10-23 claimant information name: james freeman age: 67 contact: 1-775-769-2774x117 address: psc 5649, box 4497, apo ap 45090 vehicle information make/model: volkswagen swift (2016) registration: qh 59 xy 4834 odometer: 84927 km declared value: i800,000 incident details the insured was involved in a head-on collision on brown mount berg at 01:45 after the opposing vehicle crossed into the lane. serious damage to both vehicles; injuries reported and police on scene. location: 5826 dean mill, carsonberg weather: night third party involved: false injuries reported: false police report filed: true police report no: pr-50950 damage estimate damage areas: right mirror estimated damage cost: i150,000 photos attached: 1 policy coverage coverage: third party deductible: i5,000 policy period: 2024-07-09 to 2025-07-09 previous claims: 3 adjuster notes: signature: date: generated by: syntheticgenerator claim id: clm-2025-02-0021 batch: 2 version: v1",202.0,-0.0183,151,1,Medium,4,Health_Claims,head_on
CLM-2025-02-0022_batch2_acord_fnol.pdf,INFORMATION,POLICY,31/10/2025,"generated: 2025-10-31 19:06:28 claim policy information claim id: clm-2025-02-0022 policy no: pol-1874738 claim date: 2025-10-09 loss date: 2025-10-06 claimant information name: andrew howard age: 24 contact: (102)882-0252x64517 address: 90985 patel spur suite 410, howardville, tx 74449 vehicle information make/model: volkswagen scorpio (2020) registration: ow 24 ro 7880 odometer: 129488 km declared value: i1,500,000 incident details the insured was involved in a head-on collision on farmer brooks berg at 02:45 after the opposing vehicle crossed into the lane. serious damage to both vehicles; injuries reported and police on scene. location: 068 salinas freeway suite 104, gregoryville weather: stormy third party involved: false injuries reported: false police report filed: false police report no: damage estimate damage areas: hood estimated damage cost: i12,000 photos attached: 7 policy coverage coverage: third party deductible: i5,000 policy period: 2025-06-05 to 2026-06-05 previous claims: 2 adjuster notes: signature: date: generated by: syntheticgenerator claim id: clm-2025-02-0022 batch: 2 version: v1",202.0,-0.3063,152,0,Medium,4,Health_Claims,head_on
CLM-2025-02-0023_batch2_acord_fnol.pdf,INFORMATION,POLICY,31/10/2025,"generated: 2025-10-31 19:06:28 claim policy information claim id: clm-2025-02-0023 policy no: pol-8277380 claim date: 2025-10-17 loss date: 2025-10-11 claimant information name: angela summers md age: 63 contact: 647.043.3436 address: psc 1597, box 6758, apo ap 11347 vehicle information make/model: hyundai scorpio (2023) registration: hn 30 is 1795 odometer: 78233 km declared value: i800,000 incident details the insured parked the vehicle outside woods-weber parking lot overnight. the next morning it was discovered that the rear window had been smashed and personal items were stolen from the cabin. no injuries reported.",202.0,0.0,89,1,Medium,2,Health_Claims,theft
CLM-2025-02-0024_batch2_acord_fnol.pdf,INFORMATION,POLICY,31/10/2025,"generated: 2025-10-31 19:06:28 claim policy information claim id: clm-2025-02-0024 policy no: pol-3211252 claim date: 2025-10-16 loss date: 2025-10-11 claimant information name: patricia owens age: 51 contact: 918-569-8842x445 address: 1317 bradley drive apt. 440, west maria, ct 95748 vehicle information make/model: ford swift (2024) registration: bi 87 yg 7748 odometer: 74518 km declared value: i600,000 incident details the insured collided with a stray animal (deer) on lisa pines town during low visibility at 08:05. significant front-end damage and radiator leak.",202.0,0.325,79,0,Low,2,Auto_Claims,animal
CLM-2025-02-0025_batch2_acord_fnol.pdf,INFORMATION,POLICY,31/10/2025,"generated: 2025-10-31 19:06:28 claim policy information claim id: clm-2025-02-0025 policy no: pol-1488352 claim date: 2025-10-10 loss date: 2025-10-09 claimant information name: emily tapia age: 42 contact: (158)276-9714x0811 address: 5486 larson lodge, port sherri, mt 55297 vehicle information make/model: volkswagen vento (2014) registration: sa 54 xj 7602 odometer: 134378 km declared value: i350,000 incident details while driving on colin green view at approximately 03:20, the insured lost control on the wet surface due to heavy rain and skidded into a roadside divider. no other vehicles involved. front-end damage observed; airbag deployed.",202.0,-0.2446,90,1,Low,2,Auto_Claims,unknown
CLM-2025-02-0026_batch2_acord_fnol.pdf,INFORMATION,POLICY,31/10/2025,"generated: 2025-10-31 19:06:28 claim policy information claim id: clm-2025-02-0026 policy no: pol-7748377 claim date: 2025-10-20 loss date: 2025-10-20 claimant information name: kristy allen age: 22 contact: (373)652-2632x99751 address: 45349 angela ford, north brentside, va 42545 vehicle information make/model: maruti corolla (2017) registration: ni 67 ih 3319 odometer: 107311 km declared value: i600,000 incident details on 2025-10-20 at around 16:45, the insured vehicle was stopped at a red light on lowe terrace borough when it was rear-ended by another car. the insured reported minor neck pain and the vehicle s rear bumper and trunk were damaged. location: 81866 rodriguez point suite 030, marcusstad weather: night third party involved: true injuries reported: false police report filed: true police report no: pr-84249 damage estimate damage areas: left mirror, windshield, right door estimated damage cost: i350,000 photos attached: 7 policy coverage coverage: third party deductible: i5,000 policy period: 2025-09-15 to 2026-09-15 previous claims: 1 adjuster notes: signature: date: generated by: syntheticgenerator claim id: clm-2025-02-0026 batch: 2 version: v1",202.0,0.0016,164,0,Medium,4,Health_Claims,rear_end
CLM-2025-02-0027_batch2_acord_fnol.pdf,INFORMATION,POLICY,31/10/2025,"generated: 2025-10-31 19:06:28 claim policy information claim id: clm-2025-02-0027 policy no: pol-4498395 claim date: 2025-10-10 loss date: 2025-10-06 claimant information name: shawn peters age: 38 contact: 606-445-5180x42036 address: 8178 mosley point apt. 832, smithtown, in 14020 vehicle information make/model: mahindra octavia (2020) registration: st 5 fs 6590 odometer: 62965 km declared value: i600,000 incident details at about 18:50 on 2025-10-06, the insured was changing lanes on sharon court mouth when a commercial truck clipped the left rear, causing loss of control and collision with the guardrail. driver complained of ankle pain and was taken to hospital.",202.0,0.075,96,0,Medium,2,Health_Claims,collision
CLM-2025-02-0028_batch2_acord_fnol.pdf,INFORMATION,POLICY,31/10/2025,"generated: 2025-10-31 19:06:28 claim policy information claim id: clm-2025-02-0028 policy no: pol-3225630 claim date: 2025-10-23 loss date: 2025-10-14 claimant information name: jimmy wright age: 26 contact: 664.155.2250 address: 8778 campbell rapids, stacyview, wa 64758 vehicle information make/model: skoda vento (2021) registration: nj 18 mq 2223 odometer: 23312 km declared value: i450,000 incident details during reverse parking at freeman group parking lot, the insured accidentally hit a stationary pole, scratching the rear quarter panel and bumper. minor cosmetic damage only; no injuries. location: 138 snow corner suite 381, gonzaleztown weather: night third party involved: true injuries reported: true police report filed: true police report no: pr-85804 damage estimate damage areas: trunk, windshield estimated damage cost: i12,000 photos attached: 5 policy coverage coverage: comprehensive deductible: i2,000 policy period: 2024-09-22 to 2025-09-22 previous claims: 3 adjuster notes: signature: date: generated by: syntheticgenerator claim id: clm-2025-02-0028 batch: 2 version: v1",202.0,0.1667,146,0,Medium,4,Health_Claims,parking
CLM-2025-02-0029_batch2_acord_fnol.pdf,INFORMATION,POLICY,31/10/2025,"generated: 2025-10-31 19:06:28 claim policy information claim id: clm-2025-02-0029 policy no: pol-3971941 claim date: 2025-10-31 loss date: 2025-10-29 claimant information name: tammy simpson age: 38 contact: 903-762-8156x778 address: 2694 heidi forges, maryview, id 38410 vehicle information make/model: hyundai scorpio (2018) registration: tp 50 wp 3424 odometer: 14573 km declared value: i950,000 incident details while driving on douglas orchard berg at approximately 01:50, the insured lost control on the wet surface due to heavy rain and skidded into a roadside divider. no other vehicles involved. front-end damage observed; airbag deployed.",202.0,-0.1525,89,0,Low,2,Auto_Claims,unknown
CLM-2025-02-0030_batch2_acord_fnol.pdf,INFORMATION,POLICY,31/10/2025,"generated: 2025-10-31 19:06:28 claim policy information claim id: clm-2025-02-0030 policy no: pol-3289266 claim date: 2025-10-03 loss date: 2025-09-25 claimant information name: brenda phillips age: 24 contact: 230.890.0906x8567 address: usnv baxter, fpo ap 27203 vehicle information make/model: toyota i20 (2021) registration: pt 86 bq 7682 odometer: 40942 km declared value: i1,200,000 incident details the insured reported a single-vehicle incident where the car hit a pothole causing tire and rim damage and misalignment. no injuries; repair estimate provided. location: 50757 johnson ramp apt.",202.0,0.6,81,0,Medium,2,Health_Claims,pothole
CLM-2025-03-0001_batch3_acord_fnol.pdf,INFORMATION,POLICY,31/10/2025,"generated: 2025-10-31 19:06:28 claim policy information claim id: clm-2025-03-0001 policy no: pol-6492848 claim date: 2025-10-08 loss date: 2025-10-03 claimant information name: stacy ruiz age: 72 contact: (298)072-1381x360 address: 298 traci islands suite 567, gregoryshire, me 71998 vehicle information make/model: honda i20 (2023) registration: lm 39 ks 7889 odometer: 98762 km declared value: i950,000 incident details the insured collided with a stray animal (deer) on andrea summit haven during low visibility at 21:35. significant front-end damage and radiator leak. tow truck dispatched to remove vehicle.",202.0,-0.125,84,0,Low,2,Auto_Claims,animal
CLM-2025-03-0002_batch3_acord_fnol.pdf,INFORMATION,POLICY,31/10/2025,"generated: 2025-10-31 19:06:28 claim policy information claim id: clm-2025-03-0002 policy no: pol-4196425 claim date: 2025-10-08 loss date: 2025-10-01 claimant information name: cameron black age: 65 contact: 954-904-8030x18455 address: 3597 rosales orchard, west john, in 38995 vehicle information make/model: skoda octavia (2015) registration: tf 60 pe 7053 odometer: 21680 km declared value: i1,500,000 incident details while driving on tim estate stad at approximately 01:10, the insured lost control on the wet surface due to heavy rain and skidded into a roadside divider. no other vehicles involved. front-end damage observed; airbag deployed.",202.0,-0.1549,90,0,Low,2,Auto_Claims,unknown
CLM-2025-03-0003_batch3_acord_fnol.pdf,INFORMATION,POLICY,31/10/2025,"generated: 2025-10-31 19:06:28 claim policy information claim id: clm-2025-03-0003 policy no: pol-9227984 claim date: 2025-10-12 loss date: 2025-10-04 claimant information name: sharon hensley age: 51 contact: 001-743-166-7819x558 address: 380 kelly valley, east keithmouth, pa 48786 vehicle information make/model: maruti vento (2015) registration: nl 85 ca 7112 odometer: 16419 km declared value: i450,000 incident details the insured parked the vehicle outside davidson and sons parking lot overnight. the next morning it was discovered that the rear window had been smashed and personal items were stolen from the cabin. no injuries reported.",202.0,0.0,90,1,Medium,2,Health_Claims,theft
CLM-2025-03-0004_batch3_acord_fnol.pdf,INFORMATION,POLICY,31/10/2025,"generated: 2025-10-31 19:06:28 claim policy information claim id: clm-2025-03-0004 policy no: pol-7774933 claim date: 2025-10-17 loss date: 2025-10-14 claimant information name: robert bailey age: 26 contact: 1-850-409-5267 address: 1621 nancy village apt. 152, south lisa, ne 13565 vehicle information make/model: ford ecosport (2018) registration: cq 7 az 3731 odometer: 37660 km declared value: i600,000 incident details the insured parked the vehicle outside santiago llc parking lot overnight. the next morning it was discovered that the rear window had been smashed and personal items were stolen from the cabin.",202.0,0.15,88,1,Medium,2,Auto_Claims,theft
CLM-2025-03-0005_batch3_acord_fnol.pdf,INFORMATION,POLICY,31/10/2025,"generated: 2025-10-31 19:06:28 claim policy information claim id: clm-2025-03-0005 policy no: pol-7970149 claim date: 2025-10-28 loss date: 2025-10-27 claimant information name: janet johnson age: 40 contact: 306-896-2723 address: 8515 molly estate, josephstad, ok 55220 vehicle information make/model: hyundai octavia (2018) registration: xb 5 rf 6400 odometer: 135090 km declared value: i1,500,000 incident details during reverse parking at ward, walton and townsend parking lot, the insured accidentally hit a stationary pole, scratching the rear quarter panel and bumper. minor cosmetic damage only; no injuries. location: 2308 smith locks suite 793, lake matthewtown weather: stormy third party involved: true injuries reported: false police report filed: false police report no: damage estimate damage areas: hood, front bumper, left door estimated damage cost: i350,000 photos attached: 6 policy coverage coverage: own damage deductible: i2,000 policy period: 2025-08-07 to 2026-08-07 previous claims: 3 adjuster notes: signature: date: generated by: syntheticgenerator claim id: clm-2025-03-0005 batch: 3 version: v1",202.0,0.1194,152,0,Medium,4,Health_Claims,parking
CLM-2025-03-0006_batch3_acord_fnol.pdf,INFORMATION,POLICY,31/10/2025,"generated: 2025-10-31 19:06:28 claim policy information claim id: clm-2025-03-0006 policy no: pol-4972240 claim date: 2025-10-25 loss date: 2025-10-19 claimant information name: erika gordon age: 67 contact: (939)049-7278 address: 83356 jonathon burg suite 682, east nicholasmouth, me 42429 vehicle information make/model: toyota swift (2017) registration: xt 44 vl 4345 odometer: 105983 km declared value: i1,200,000 incident details the insured reported a single-vehicle incident where the car hit a pothole causing tire and rim damage and misalignment. no injuries; repair estimate provided. location: 8560 larson lake apt.",202.0,-0.075,85,1,Medium,2,Health_Claims,pothole
CLM-2025-03-0007_batch3_acord_fnol.pdf,INFORMATION,POLICY,31/10/2025,"generated: 2025-10-31 19:06:28 claim policy information claim id: clm-2025-03-0007 policy no: pol-3412632 claim date: 2025-10-19 loss date: 2025-10-12 claimant information name: kyle preston age: 43 contact: 902.560.8063x9309 address: 1514 ethan motorway, new shariberg, sd 74342 vehicle information make/model: volkswagen swift (2021) registration: lh 12 st 3210 odometer: 74527 km declared value: i800,000 incident details the insured s vehicle was vandalized with key scratches along the driver s side while parked at clark llc parking lot. cctv footage requested. no injuries.",202.0,0.0682,80,0,Medium,2,Health_Claims,vandalism
CLM-2025-03-0008_batch3_acord_fnol.pdf,INFORMATION,POLICY,31/10/2025,"generated: 2025-10-31 19:06:28 claim policy information claim id: clm-2025-03-0008 policy no: pol-2280088 claim date: 2025-10-01 loss date: 2025-09-24 claimant information name: tanya robinson age: 54 contact: 1-385-856-8456 address: 27141 burgess village, east jack, hi 43652 vehicle information make/model: skoda civic (2017) registration: dc 37 tq 9346 odometer: 41449 km declared value: i800,000 incident details the insured parked the vehicle outside lowery, butler and klein parking lot overnight. the next morning it was discovered that the rear window had been smashed and personal items were stolen from the cabin. no injuries reported.",202.0,0.0,91,1,Medium,2,Health_Claims,theft
CLM-2025-03-0009_batch3_acord_fnol.pdf,INFORMATION,POLICY,31/10/2025,"generated: 2025-10-31 19:06:28 claim policy information claim id: clm-2025-03-0009 policy no: pol-2522246 claim date: 2025-10-07 loss date: 2025-10-02 claimant information name: michael brown age: 70 contact: 241.747.9112x618 address: uscgc green, fpo aa 92063 vehicle information make/model: toyota civic (2014) registration: zn 89 pp 2869 odometer: 53058 km declared value: i1,200,000 incident details the insured s vehicle was vandalized with key scratches along the driver s side while parked at stuart and sons parking lot. cctv footage requested. no injuries.",202.0,-0.1,79,0,Medium,2,Health_Claims,vandalism
CLM-2025-03-0010_batch3_acord_fnol.pdf,INFORMATION,POLICY,31/10/2025,"generated: 2025-10-31 19:06:28 claim policy information claim id: clm-2025-03-0010 policy no: pol-9964298 claim date: 2025-10-20 loss date: 2025-10-13 claimant information name: anthony tate age: 43 contact: (966)850-0275 address: 877 thomas rapid, south andrewfort, mo 58427 vehicle information make/model: volkswagen octavia (2022) registration: ye 57 yq 9277 odometer: 15262 km declared value: i600,000 incident details while entering the roundabout at daniels green ton, another driver ran a stop sign and clipped the insured s right front fender. small paint transfer and bumper scuffing observed. location: 00184 valencia gardens, lake stephenburgh weather: foggy third party involved: false injuries reported: true police report filed: true police report no: pr-73141 damage estimate damage areas: trunk, rear bumper estimated damage cost: i60,000 photos attached: 0 policy coverage coverage: third party deductible: i2,000 policy period: 2023-12-15 to 2024-12-14 previous claims: 1 adjuster notes: signature: date: generated by: syntheticgenerator claim id: clm-2025-03-0010 batch: 3 version: v1",202.0,-0.0255,149,0,Medium,4,Health_Claims,intersection
CLM-2025-03-0011_batch3_acord_fnol.pdf,INFORMATION,POLICY,31/10/2025,"generated: 2025-10-31 19:06:28 claim policy information claim id: clm-2025-03-0011 policy no: pol-4503336 claim date: 2025-10-25 loss date: 2025-10-25 claimant information name: tammy alvarez age: 36 contact: 884-883-0594x89531 address: 7419 mallory ports, michelleburgh, mn 29847 vehicle information make/model: toyota vento (2020) registration: vc 15 sj 5055 odometer: 16220 km declared value: i800,000 incident details while entering the roundabout at tracy curve land, another driver ran a stop sign and clipped the insured s right front fender. small paint transfer and bumper scuffing observed. location: 9159 green trail, vickiemouth weather: rainy third party involved: false injuries reported: false police report filed: false police report no: damage estimate damage areas: hood, front bumper, left door estimated damage cost: i150,000 photos attached: 6 policy coverage coverage: comprehensive deductible: i1,000 policy period: 2024-03-16 to 2025-03-16 previous claims: 3 adjuster notes: signature: date: generated by: syntheticgenerator claim id: clm-2025-03-0011 batch: 3 version: v1",202.0,-0.0483,147,0,Medium,4,Health_Claims,intersection
CLM-2025-03-0012_batch3_acord_fnol.pdf,INFORMATION,POLICY,31/10/2025,"generated: 2025-10-31 19:06:28 claim policy information claim id: clm-2025-03-0012 policy no: pol-2039295 claim date: 2025-10-13 loss date: 2025-10-13 claimant information name: tracy oliver age: 66 contact: 194-258-6498x4923 address: 4013 herrera wall apt. 786, vargasstad, ms 91266 vehicle information make/model: skoda vento (2015) registration: xj 97 yi 6244 odometer: 65405 km declared value: i450,000 incident details while entering the roundabout at anderson turnpike chester, another driver ran a stop sign and clipped the insured s right front fender. small paint transfer and bumper scuffing observed.",202.0,0.2119,84,0,Low,2,Health_Claims,intersection
CLM-2025-03-0013_batch3_acord_fnol.pdf,INFORMATION,POLICY,31/10/2025,"generated: 2025-10-31 19:06:28 claim policy information claim id: clm-2025-03-0013 policy no: pol-6431059 claim date: 2025-10-24 loss date: 2025-10-19 claimant information name: andrea ramirez age: 41 contact: 001-148-378-3270x12019 address: 58403 todd trace, castromouth, dc 04454 vehicle information make/model: maruti scorpio (2017) registration: jc 16 vf 8398 odometer: 106739 km declared value: i950,000 incident details the insured reported a single-vehicle incident where the car hit a pothole causing tire and rim damage and misalignment. no injuries; repair estimate provided. location: 0641 kyle brook apt.",202.0,0.6,82,0,Medium,2,Health_Claims,pothole
CLM-2025-03-0014_batch3_acord_fnol.pdf,INFORMATION,POLICY,31/10/2025,"generated: 2025-10-31 19:06:28 claim policy information claim id: clm-2025-03-0014 policy no: pol-6121701 claim date: 2025-10-10 loss date: 2025-10-09 claimant information name: zachary bennett age: 63 contact: 1-926-824-7992x2480 address: 9138 gray vista, bryanland, ak 74151 vehicle information make/model: honda ecosport (2017) registration: gr 31 dv 4580 odometer: 137059 km declared value: i1,500,000 incident details on 2025-10-09 at around 02:50, the insured vehicle was stopped at a red light on deanna corner berg when it was rear-ended by another car. the insured reported minor neck pain and the vehicle s rear bumper and trunk were damaged. location: 09484 debra rapids, christinetown weather: clear third party involved: false injuries reported: true police report filed: false police report no: damage estimate damage areas: hood, front bumper estimated damage cost: i60,000 photos attached: 1 policy coverage coverage: own damage deductible: i5,000 policy period: 2024-02-13 to 2025-02-12 previous claims: 2 adjuster notes: signature: date: generated by: syntheticgenerator claim id: clm-2025-03-0014 batch: 3 version: v1",202.0,0.0848,158,0,Medium,4,Health_Claims,rear_end
CLM-2025-03-0015_batch3_acord_fnol.pdf,INFORMATION,POLICY,31/10/2025,"generated: 2025-10-31 19:06:28 claim policy information claim id: clm-2025-03-0015 policy no: pol-9493199 claim date: 2025-10-01 loss date: 2025-09-22 claimant information name: kaitlyn manning age: 46 contact: 3752557922 address: 837 white glens suite 986, west raymond, mt 27629 vehicle information make/model: mahindra scorpio (2022) registration: un 6 oc 7744 odometer: 77109 km declared value: i1,500,000 incident details the insured parked the vehicle outside petersen-davis parking lot overnight. the next morning it was discovered that the rear window had been smashed and personal items were stolen from the cabin. no injuries reported.",202.0,0.0,90,1,Medium,2,Health_Claims,theft
CLM-2025-03-0016_batch3_acord_fnol.pdf,INFORMATION,POLICY,31/10/2025,"generated: 2025-10-31 19:06:28 claim policy information claim id: clm-2025-03-0016 policy no: pol-1245380 claim date: 2025-10-11 loss date: 2025-10-07 claimant information name: edward martinez age: 28 contact: 4228586346 address: 710 rhonda gateway, north alan, sd 89056 vehicle information make/model: honda scorpio (2018) registration: lh 3 by 8368 odometer: 20459 km declared value: i1,500,000 incident details during reverse parking at madden llc parking lot, the insured accidentally hit a stationary pole, scratching the rear quarter panel and bumper. minor cosmetic damage only; no injuries. location: 9775 angela vista, new scottside weather: rainy third party involved: false injuries reported: false police report filed: true police report no: pr-26167 damage estimate damage areas: front bumper estimated damage cost: i5,000 photos attached: 8 policy coverage coverage: comprehensive deductible: i5,000 policy period: 2024-02-11 to 2025-02-10 previous claims: 2 adjuster notes: signature: date: generated by: syntheticgenerator claim id: clm-2025-03-0016 batch: 3 version: v1",202.0,-0.0034,146,0,Medium,4,Health_Claims,parking
CLM-2025-03-0017_batch3_acord_fnol.pdf,INFORMATION,POLICY,31/10/2025,"generated: 2025-10-31 19:06:28 claim policy information claim id: clm-2025-03-0017 policy no: pol-3726889 claim date: 2025-10-27 loss date: 2025-10-21 claimant information name: christine hines age: 45 contact: 6019350957 address: 267 nelson trace apt. 731, jacksonburgh, mi 87973 vehicle information make/model: skoda octavia (2016) registration: cc 77 zu 4088 odometer: 120503 km declared value: i950,000 incident details the insured collided with a stray animal (deer) on barnett plain bury during low visibility at 07:05. significant front-end damage and radiator leak.",202.0,0.1902,78,0,Low,2,Auto_Claims,animal
CLM-2025-03-0018_batch3_acord_fnol.pdf,INFORMATION,POLICY,31/10/2025,"generated: 2025-10-31 19:06:28 claim policy information claim id: clm-2025-03-0018 policy no: pol-5771883 claim date: 2025-10-13 loss date: 2025-10-05 claimant information name: denise smith age: 34 contact: (412)257-9754 address: 825 beth square apt. 985, coopermouth, ok 96429 vehicle information make/model: mahindra vento (2018) registration: hh 21 wo 2119 odometer: 103782 km declared value: i600,000 incident details the insured was involved in a head-on collision on wolfe square furt at 03:45 after the opposing vehicle crossed into the lane. serious damage to both vehicles; injuries reported and police on scene.",202.0,0.0042,88,0,Medium,2,Health_Claims,head_on
CLM-2025-03-0019_batch3_acord_fnol.pdf,INFORMATION,POLICY,31/10/2025,"generated: 2025-10-31 19:06:28 claim policy information claim id: clm-2025-03-0019 policy no: pol-8703496 claim date: 2025-10-16 loss date: 2025-10-06 claimant information name: james walker age: 69 contact: 1-573-311-6415 address: 95972 kyle mountains suite 773, amberburgh, tn 27156 vehicle information make/model: skoda octavia (2016) registration: xn 92 tn 9238 odometer: 70450 km declared value: i450,000 incident details while driving on gardner prairie haven at approximately 08:10, the insured lost control on the wet surface due to heavy rain and skidded into a roadside divider. no other vehicles involved. front-end damage observed; airbag deployed.",202.0,-0.1525,91,0,Low,2,Auto_Claims,unknown
CLM-2025-03-0020_batch3_acord_fnol.pdf,INFORMATION,POLICY,31/10/2025,"generated: 2025-10-31 19:06:28 claim policy information claim id: clm-2025-03-0020 policy no: pol-8304612 claim date: 2025-10-12 loss date: 2025-10-10 claimant information name: mary jenkins age: 54 contact: 665-636-2048x7574 address: 766 carl walks, carlostown, de 06736 vehicle information make/model: hyundai i20 (2021) registration: dv 62 ho 8820 odometer: 105392 km declared value: i600,000 incident details during reverse parking at hammond, cook and parker parking lot, the insured accidentally hit a stationary pole, scratching the rear quarter panel and bumper. minor cosmetic damage only; no injuries. location: 1349 travis forge suite 275, ruthburgh weather: foggy third party involved: true injuries reported: true police report filed: true police report no: pr-90908 damage estimate damage areas: trunk, front bumper estimated damage cost: i350,000 photos attached: 8 policy coverage coverage: comprehensive deductible: i1,000 policy period: 2023-11-20 to 2024-11-19 previous claims: 3 adjuster notes: signature: date: generated by: syntheticgenerator claim id: clm-2025-03-0020 batch: 3 version: v1",202.0,0.2037,149,0,Medium,4,Health_Claims,parking
CLM-2025-03-0021_batch3_acord_fnol.pdf,INFORMATION,POLICY,31/10/2025,"generated: 2025-10-31 19:06:28 claim policy information claim id: clm-2025-03-0021 policy no: pol-3183244 claim date: 2025-10-31 loss date: 2025-10-31 claimant information name: courtney bryan age: 42 contact: 849.178.7896 address: 2737 andrew ports, north jonathanville, ms 06912 vehicle information make/model: honda vento (2019) registration: dc 21 ax 9065 odometer: 99937 km declared value: i800,000 incident details while entering the roundabout at anderson springs bury, another driver ran a stop sign and clipped the insured s right front fender. small paint transfer and bumper scuffing observed. location: 1044 pruitt center, lake abigailbury weather: clear third party involved: true injuries reported: true police report filed: true police report no: pr-31111 damage estimate damage areas: windshield, left door estimated damage cost: i5,000 photos attached: 1 policy coverage coverage: own damage deductible: i1,000 policy period: 2024-12-23 to 2025-12-23 previous claims: 3 adjuster notes: signature: date: generated by: syntheticgenerator claim id: clm-2025-03-0021 batch: 3 version: v1",202.0,0.1938,149,0,Medium,4,Health_Claims,intersection
CLM-2025-03-0022_batch3_acord_fnol.pdf,INFORMATION,POLICY,31/10/2025,"generated: 2025-10-31 19:06:28 claim policy information claim id: clm-2025-03-0022 policy no: pol-6877565 claim date: 2025-10-05 loss date: 2025-10-01 claimant information name: natasha owens age: 55 contact: 671.728.0546x24900 address: unit 8320 box 8716, dpo ap 71670 vehicle information make/model: volkswagen vento (2017) registration: aj 70 dv 1979 odometer: 107609 km declared value: i600,000 incident details the insured was involved in a head-on collision on vincent rue berg at 18:00 after the opposing vehicle crossed into the lane. serious damage to both vehicles; injuries reported and police on scene. location: 15462 walker via suite 938, port elizabeth weather: night third party involved: false injuries reported: false police report filed: false police report no: damage estimate damage areas: right mirror, rear bumper, left door estimated damage cost: i5,000 photos attached: 6 policy coverage coverage: third party deductible: i1,000 policy period: 2024-02-29 to 2025-02-28 previous claims: 0 adjuster notes: signature: date: generated by: syntheticgenerator claim id: clm-2025-03-0022 batch: 3 version: v1",202.0,-0.0914,157,0,Medium,4,Health_Claims,head_on
CLM-2025-03-0023_batch3_acord_fnol.pdf,INFORMATION,POLICY,31/10/2025,"generated: 2025-10-31 19:06:28 claim policy information claim id: clm-2025-03-0023 policy no: pol-3083064 claim date: 2025-10-11 loss date: 2025-10-06 claimant information name: catherine hanna age: 67 contact: 171.451.2729x77915 address: unit 7879 box 5613, dpo aa 24062 vehicle information make/model: ford vento (2022) registration: mg 24 pm 1449 odometer: 48755 km declared value: i1,200,000 incident details the insured collided with a stray animal (deer) on cassie meadow stad during low visibility at 02:10. significant front-end damage and radiator leak. tow truck dispatched to remove vehicle.",202.0,0.1875,83,0,Low,2,Auto_Claims,animal
CLM-2025-03-0024_batch3_acord_fnol.pdf,INFORMATION,POLICY,31/10/2025,"generated: 2025-10-31 19:06:28 claim policy information claim id: clm-2025-03-0024 policy no: pol-1252108 claim date: 2025-10-22 loss date: 2025-10-13 claimant information name: darrell cochran age: 58 contact: (656)002-2298 address: unit 5912 box 0737, dpo ap 76710 vehicle information make/model: mahindra ecosport (2020) registration: dm 88 bd 9157 odometer: 15760 km declared value: i800,000 incident details on 2025-10-13 at around 14:10, the insured vehicle was stopped at a red light on miller fields mouth when it was rear-ended by another car. the insured reported minor neck pain and the vehicle s rear bumper and trunk were damaged. location: 7254 juarez port apt.",202.0,0.04,100,0,Medium,2,Health_Claims,rear_end
CLM-2025-03-0025_batch3_acord_fnol.pdf,INFORMATION,POLICY,31/10/2025,"generated: 2025-10-31 19:06:28 claim policy information claim id: clm-2025-03-0025 policy no: pol-4297325 claim date: 2025-10-30 loss date: 2025-10-20 claimant information name: joshua thomas age: 23 contact: 767.666.3070 address: 22612 acosta heights apt. 007, lake michelle, fl 79785 vehicle information make/model: volkswagen octavia (2016) registration: ll 19 qv 4953 odometer: 54953 km declared value: i600,000 incident details the insured parked the vehicle outside wagner-ford parking lot overnight. the next morning it was discovered that the rear window had been smashed and personal items were stolen from the cabin.",202.0,0.15,87,1,Medium,2,Auto_Claims,theft
CLM-2025-03-0026_batch3_acord_fnol.pdf,INFORMATION,POLICY,31/10/2025,"generated: 2025-10-31 19:06:28 claim policy information claim id: clm-2025-03-0026 policy no: pol-1081930 claim date: 2025-10-03 loss date: 2025-09-29 claimant information name: lori marsh age: 70 contact: (914)857-8495x70267 address: 18631 crystal ports apt. 863, murrayfurt, de 67510 vehicle information make/model: volkswagen vento (2020) registration: hg 87 np 4232 odometer: 72685 km declared value: i450,000 incident details the insured s vehicle was vandalized with key scratches along the driver s side while parked at gibson, lee and torres parking lot. cctv footage requested.",202.0,-0.05,81,0,Low,2,Auto_Claims,vandalism
CLM-2025-03-0027_batch3_acord_fnol.pdf,INFORMATION,POLICY,31/10/2025,"generated: 2025-10-31 19:06:28 claim policy information claim id: clm-2025-03-0027 policy no: pol-6706093 claim date: 2025-10-27 loss date: 2025-10-25 claimant information name: katie johnson age: 27 contact: (120)779-0920 address: 9399 john views, andersonland, wa 83951 vehicle information make/model: hyundai octavia (2020) registration: su 27 dk 4392 odometer: 83513 km declared value: i350,000 incident details the insured s vehicle was vandalized with key scratches along the driver s side while parked at christensen, taylor and ramos parking lot. cctv footage requested. no injuries.",202.0,-0.375,81,0,Medium,2,Health_Claims,vandalism
CLM-2025-03-0028_batch3_acord_fnol.pdf,INFORMATION,POLICY,31/10/2025,"generated: 2025-10-31 19:06:28 claim policy information claim id: clm-2025-03-0028 policy no: pol-6262372 claim date: 2025-10-16 loss date: 2025-10-10 claimant information name: holly shelton md age: 23 contact: 449-108-6164 address: 219 russell ramp suite 848, south danatown, or 54782 vehicle information make/model: maruti ecosport (2023) registration: pv 40 ii 6426 odometer: 62457 km declared value: i600,000 incident details on 2025-10-10 at around 03:45, the insured vehicle was stopped at a red light on charlene island bury when it was rear-ended by another car. the insured reported minor neck pain and the vehicle s rear bumper and trunk were damaged. location: 344 brandi valley, west dannyburgh weather: foggy third party involved: false injuries reported: false police report filed: false police report no: damage estimate damage areas: trunk estimated damage cost: i220,000 photos attached: 4 policy coverage coverage: third party deductible: i2,000 policy period: 2024-02-15 to 2025-02-14 previous claims: 2 adjuster notes: signature: date: generated by: syntheticgenerator claim id: clm-2025-03-0028 batch: 3 version: v1",202.0,-0.0517,161,0,Medium,4,Health_Claims,rear_end
CLM-2025-03-0029_batch3_acord_fnol.pdf,INFORMATION,POLICY,31/10/2025,"generated: 2025-10-31 19:06:28 claim policy information claim id: clm-2025-03-0029 policy no: pol-8522916 claim date: 2025-10-04 loss date: 2025-09-29 claimant information name: lacey park age: 35 contact: 2040632832 address: 834 julia crossing apt. 641, elliottfort, fl 47647 vehicle information make/model: ford ecosport (2022) registration: yf 1 dx 3305 odometer: 47904 km declared value: i1,500,000 incident details the insured was involved in a head-on collision on martinez lane borough at 05:45 after the opposing vehicle crossed into the lane. serious damage to both vehicles; injuries reported and police on scene.",202.0,0.1333,88,0,Medium,2,Health_Claims,head_on
CLM-2025-03-0030_batch3_acord_fnol.pdf,INFORMATION,POLICY,31/10/2025,"generated: 2025-10-31 19:06:28 claim policy information claim id: clm-2025-03-0030 policy no: pol-8545681 claim date: 2025-10-17 loss date: 2025-10-15 claimant information name: kimberly mendoza age: 69 contact: 249-057-3663x4791 address: 372 russell terrace, alexaside, ms 16007 vehicle information make/model: mahindra vento (2019) registration: uz 72 za 5852 odometer: 75790 km declared value: i600,000 incident details on 2025-10-15 at around 10:30, the insured vehicle was stopped at a red light on martin greens shire when it was rear-ended by another car. the insured reported minor neck pain and the vehicle s rear bumper and trunk were damaged. location: 0838 laura mountain, north jamesfort weather: clear third party involved: true injuries reported: false police report filed: true police report no: pr-95999 damage estimate damage areas: right door, windshield, left door estimated damage cost: i5,000 photos attached: 5 policy coverage coverage: own damage deductible: i5,000 policy period: 2025-05-19 to 2026-05-19 previous claims: 2 adjuster notes: signature: date: generated by: syntheticgenerator claim id: clm-2025-03-0030 batch: 3 version: v1",202.0,0.1515,162,0,Medium,4,Health_Claims,rear_end
CLM-2025-04-0001_batch4_acord_fnol.pdf,INFORMATION,POLICY,31/10/2025,"generated: 2025-10-31 19:06:28 claim policy information claim id: clm-2025-04-0001 policy no: pol-5443541 claim date: 2025-10-25 loss date: 2025-10-17 claimant information name: heather clark age: 26 contact: 011-561-0032x986 address: 4139 walton summit, east jamie, hi 64743 vehicle information make/model: maruti ecosport (2022) registration: ni 86 xz 9477 odometer: 98755 km declared value: i350,000 incident details the insured was involved in a head-on collision on norman rapid ville at 02:10 after the opposing vehicle crossed into the lane. serious damage to both vehicles; injuries reported and police on scene. location: 721 joseph alley, ericberg weather: rainy third party involved: true injuries reported: false police report filed: true police report no: pr-72813 damage estimate damage areas: trunk, hood, left door estimated damage cost: i12,000 photos attached: 4 policy coverage coverage: comprehensive deductible: i1,000 policy period: 2023-11-26 to 2024-11-25 previous claims: 3 adjuster notes: signature: date: generated by: syntheticgenerator claim id: clm-2025-04-0001 batch: 4 version: v1",202.0,0.0375,152,0,Medium,4,Health_Claims,head_on
CLM-2025-04-0002_batch4_acord_fnol.pdf,INFORMATION,POLICY,31/10/2025,"generated: 2025-10-31 19:06:28 claim policy information claim id: clm-2025-04-0002 policy no: pol-9047989 claim date: 2025-10-23 loss date: 2025-10-16 claimant information name: ryan stevens age: 70 contact: 001-443-054-7716x4051 address: 9578 wendy route, west ashleyton, wv 50915 vehicle information make/model: honda ecosport (2021) registration: kg 53 nt 3417 odometer: 66685 km declared value: i350,000 incident details at about 22:50 on 2025-10-16, the insured was changing lanes on roberts shore fort when a commercial truck clipped the left rear, causing loss of control and collision with the guardrail. driver complained of ankle pain and was taken to hospital. location: 5201 thomas turnpike, west rodneyburgh weather: clear third party involved: true injuries reported: false police report filed: true police report no: pr-50778 damage estimate damage areas: rear bumper estimated damage cost: i25,000 photos attached: 2 policy coverage coverage: third party deductible: i5,000 policy period: 2025-08-10 to 2026-08-10 previous claims: 0 adjuster notes: signature: date: generated by: syntheticgenerator claim id: clm-2025-04-0002 batch: 4 version: v1",202.0,-0.0067,160,0,Medium,4,Health_Claims,collision
CLM-2025-04-0003_batch4_acord_fnol.pdf,INFORMATION,POLICY,31/10/2025,"generated: 2025-10-31 19:06:28 claim policy information claim id: clm-2025-04-0003 policy no: pol-1081400 claim date: 2025-10-27 loss date: 2025-10-27 claimant information name: zachary olson age: 21 contact: 1-726-246-1743x74933 address: 1323 mark inlet, port brianna, ms 41355 vehicle information make/model: hyundai corolla (2014) registration: af 25 hm 1221 odometer: 145486 km declared value: i450,000 incident details the insured was involved in a head-on collision on harvey wells port at 22:15 after the opposing vehicle crossed into the lane. serious damage to both vehicles; injuries reported and police on scene. location: 3049 hill terrace apt.",202.0,0.1333,92,0,Medium,2,Health_Claims,head_on
CLM-2025-04-0004_batch4_acord_fnol.pdf,INFORMATION,POLICY,31/10/2025,"generated: 2025-10-31 19:06:28 claim policy information claim id: clm-2025-04-0004 policy no: pol-1853231 claim date: 2025-10-20 loss date: 2025-10-11 claimant information name: jacqueline gardner age: 75 contact: 503.126.8393 address: 96024 hill mount suite 091, raymondside, nm 42662 vehicle information make/model: maruti civic (2023) registration: dz 46 yv 8084 odometer: 15502 km declared value: i1,500,000 incident details the insured was involved in a head-on collision on richard flat side at 06:50 after the opposing vehicle crossed into the lane. serious damage to both vehicles; injuries reported and police on scene. location: 992 velasquez road, paulstad weather: clear third party involved: true injuries reported: false police report filed: true police report no: pr-75621 damage estimate damage areas: rear bumper, trunk, hood estimated damage cost: i220,000 photos attached: 7 policy coverage coverage: own damage deductible: i5,000 policy period: 2024-06-24 to 2025-06-24 previous claims: 1 adjuster notes: signature: date: generated by: syntheticgenerator claim id: clm-2025-04-0004 batch: 4 version: v1",202.0,0.0528,154,0,Medium,4,Health_Claims,head_on
CLM-2025-04-0005_batch4_acord_fnol.pdf,INFORMATION,POLICY,31/10/2025,"generated: 2025-10-31 19:06:28 claim policy information claim id: clm-2025-04-0005 policy no: pol-3118483 claim date: 2025-10-17 loss date: 2025-10-16 claimant information name: william jensen age: 27 contact: 004.442.4834x10108 address: 3271 lisa corners suite 226, port jean, la 04037 vehicle information make/model: volkswagen vento (2020) registration: ia 81 dg 9602 odometer: 107930 km declared value: i1,500,000 incident details while driving on patricia skyway mouth at approximately 19:00, the insured lost control on the wet surface due to heavy rain and skidded into a roadside divider. no other vehicles involved. front-end damage observed; airbag deployed.",202.0,-0.1525,92,0,Low,2,Auto_Claims,unknown
CLM-2025-04-0006_batch4_acord_fnol.pdf,INFORMATION,POLICY,31/10/2025,"generated: 2025-10-31 19:06:28 claim policy information claim id: clm-2025-04-0006 policy no: pol-1748142 claim date: 2025-10-05 loss date: 2025-10-01 claimant information name: ruben tucker age: 47 contact: (615)557-4787x75132 address: unit 8081 box 2291, dpo ap 59451 vehicle information make/model: volkswagen swift (2018) registration: zs 39 om 4945 odometer: 137465 km declared value: i350,000 incident details the insured was involved in a head-on collision on wilson hills mouth at 23:20 after the opposing vehicle crossed into the lane. serious damage to both vehicles; injuries reported and police on scene. location: 88848 francis summit suite 085, south mariaport weather: stormy third party involved: false injuries reported: false police report filed: true police report no: pr-35791 damage estimate damage areas: hood, left door, trunk estimated damage cost: i5,000 photos attached: 8 policy coverage coverage: third party deductible: i5,000 policy period: 2024-10-18 to 2025-10-18 previous claims: 1 adjuster notes: signature: date: generated by: syntheticgenerator claim id: clm-2025-04-0006 batch: 4 version: v1",202.0,-0.1889,156,0,Medium,4,Health_Claims,head_on
CLM-2025-04-0007_batch4_acord_fnol.pdf,INFORMATION,POLICY,31/10/2025,"generated: 2025-10-31 19:06:28 claim policy information claim id: clm-2025-04-0007 policy no: pol-9086654 claim date: 2025-10-23 loss date: 2025-10-17 claimant information name: amy bartlett age: 59 contact: 001-287-651-6283x5378 address: 1294 jane cliff, pattontown, mn 33373 vehicle information make/model: volkswagen swift (2014) registration: am 82 fw 4913 odometer: 28886 km declared value: i1,500,000 incident details while driving on ian land fort at approximately 15:20, the insured lost control on the wet surface due to heavy rain and skidded into a roadside divider. no other vehicles involved. front-end damage observed; airbag deployed.",202.0,-0.1525,89,0,Low,2,Auto_Claims,unknown
CLM-2025-04-0008_batch4_acord_fnol.pdf,INFORMATION,POLICY,31/10/2025,"generated: 2025-10-31 19:06:28 claim policy information claim id: clm-2025-04-0008 policy no: pol-5959684 claim date: 2025-10-11 loss date: 2025-10-11 claimant information name: diane morris age: 26 contact: 248-343-9494x212 address: 436 brown harbors, sweeneyside, ar 04707 vehicle information make/model: volkswagen vento (2014) registration: gv 60 xi 9767 odometer: 106413 km declared value: i1,200,000 incident details the insured parked the vehicle outside wolfe, hunt and schmidt parking lot overnight. the next morning it was discovered that the rear window had been smashed and personal items were stolen from the cabin. no injuries reported.",202.0,0.0,90,1,Medium,2,Health_Claims,theft
CLM-2025-04-0009_batch4_acord_fnol.pdf,INFORMATION,POLICY,31/10/2025,"generated: 2025-10-31 19:06:28 claim policy information claim id: clm-2025-04-0009 policy no: pol-5098073 claim date: 2025-10-28 loss date: 2025-10-22 claimant information name: peggy johnson age: 22 contact: 1-610-978-5629x9294 address: 1462 michelle drive, south alvin, id 97353 vehicle information make/model: hyundai ecosport (2023) registration: pg 80 ag 1200 odometer: 147091 km declared value: i450,000 incident details at about 03:05 on 2025-10-22, the insured was changing lanes on goodman gardens mouth when a commercial truck clipped the left rear, causing loss of control and collision with the guardrail. driver complained of ankle pain and was taken to hospital. location: 70114 rice vista, millerstad weather: clear third party involved: false injuries reported: false police report filed: true police report no: pr-95614 damage estimate damage areas: trunk, right door estimated damage cost: i5,000 photos attached: 2 policy coverage coverage: own damage deductible: i5,000 policy period: 2025-02-08 to 2026-02-08 previous claims: 2 adjuster notes: signature: date: generated by: syntheticgenerator claim id: clm-2025-04-0009 batch: 4 version: v1",202.0,0.0063,160,0,Medium,4,Health_Claims,collision
CLM-2025-04-0010_batch4_acord_fnol.pdf,INFORMATION,POLICY,31/10/2025,"generated: 2025-10-31 19:06:28 claim policy information claim id: clm-2025-04-0010 policy no: pol-8579223 claim date: 2025-10-07 loss date: 2025-10-06 claimant information name: crystal french age: 67 contact: 253-266-8065 address: 80132 timothy river, carlberg, nh 39752 vehicle information make/model: skoda i20 (2015) registration: hb 81 yh 9936 odometer: 153794 km declared value: i800,000 incident details on 2025-10-06 at around 19:10, the insured vehicle was stopped at a red light on ochoa greens ton when it was rear-ended by another car. the insured reported minor neck pain and the vehicle s rear bumper and trunk were damaged. location: 6744 maxwell lake apt.",202.0,0.19,99,0,Medium,2,Health_Claims,rear_end
