category,claim_short_id,acord_path,police_path,loss_path,damage_difference,injury_mismatch,date_difference_days,location_match,vehicle_match,fraud_inconsistency_score,severity_level,complexity_score
casualty,CLM-2025-0001,C:\claims_agent\dataset\casualty\accord_form_100\CLM-2025-0001-CAS_SAFE_acord.pdf,C:\claims_agent\dataset\casualty\police_reports_100\PR-10001-CAS_CLM-2025-0001-CAS_SAFE_police.pdf,C:\claims_agent\dataset\casualty\loss_reports_100\CLM-2025-0001-CAS_SAFE_loss.pdf,0.0472,0,2,1.0,0.0,0.2494,Low,2.0
casualty,CLM-2025-0002,C:\claims_agent\dataset\casualty\accord_form_100\CLM-2025-0002-CAS_SAFE_acord.pdf,C:\claims_agent\dataset\casualty\police_reports_100\PR-10002-CAS_CLM-2025-0002-CAS_SAFE_police.pdf,C:\claims_agent\dataset\casualty\loss_reports_100\CLM-2025-0002-CAS_SAFE_loss.pdf,0.0074,0,1,1.0,0.0,0.2215,Low,2.0
casualty,CLM-2025-0003,C:\claims_agent\dataset\casualty\accord_form_100\CLM-2025-0003-CAS_SAFE_acord.pdf,C:\claims_agent\dataset\casualty\police_reports_100\PR-10003-CAS_CLM-2025-0003-CAS_SAFE_police.pdf,C:\claims_agent\dataset\casualty\loss_reports_100\CLM-2025-0003-CAS_SAFE_loss.pdf,0.0364,0,2,1.0,0.0,0.2473,Low,2.0
casualty,CLM-2025-0004,C:\claims_agent\dataset\casualty\accord_form_100\CLM-2025-0004-CAS_SAFE_acord.pdf,C:\claims_agent\dataset\casualty\police_reports_100\PR-10004-CAS_CLM-2025-0004-CAS_SAFE_police.pdf,C:\claims_agent\dataset\casualty\loss_reports_100\CLM-2025-0004-CAS_SAFE_loss.pdf,0.0442,0,2,1.0,0.0,0.2488,Low,2.0
casualty,CLM-2025-0005,C:\claims_agent\dataset\casualty\accord_form_100\CLM-2025-0005-CAS_SAFE_acord.pdf,C:\claims_agent\dataset\casualty\police_reports_100\PR-10005-CAS_CLM-2025-0005-CAS_SAFE_police.pdf,C:\claims_agent\dataset\casualty\loss_reports_100\CLM-2025-0005-CAS_SAFE_loss.pdf,0.0246,0,1,1.0,0.0,0.2249,Low,2.0
casualty,CLM-2025-0006,C:\claims_agent\dataset\casualty\accord_form_100\CLM-2025-0006-CAS_SAFE_acord.pdf,C:\claims_agent\dataset\casualty\police_reports_100\PR-10006-CAS_CLM-2025-0006-CAS_SAFE_police.pdf,C:\claims_agent\dataset\casualty\loss_reports_100\CLM-2025-0006-CAS_SAFE_loss.pdf,0.0311,0,2,1.0,0.0,0.2462,Low,2.0
casualty,CLM-2025-0007,C:\claims_agent\dataset\casualty\accord_form_100\CLM-2025-0007-CAS_SAFE_acord.pdf,C:\claims_agent\dataset\casualty\police_reports_100\PR-10007-CAS_CLM-2025-0007-CAS_SAFE_police.pdf,C:\claims_agent\dataset\casualty\loss_reports_100\CLM-2025-0007-CAS_SAFE_loss.pdf,0.0453,0,2,1.0,0.0,0.2491,Low,2.0
casualty,CLM-2025-0008,C:\claims_agent\dataset\casualty\accord_form_100\CLM-2025-0008-CAS_SAFE_acord.pdf,C:\claims_agent\dataset\casualty\police_reports_100\PR-10008-CAS_CLM-2025-0008-CAS_SAFE_police.pdf,C:\claims_agent\dataset\casualty\loss_reports_100\CLM-2025-0008-CAS_SAFE_loss.pdf,0.0337,0,0,1.0,0.0,0.2067,Low,2.0
casualty,CLM-2025-0009,C:\claims_agent\dataset\casualty\accord_form_100\CLM-2025-0009-CAS_SAFE_acord.pdf,C:\claims_agent\dataset\casualty\police_reports_100\PR-10009-CAS_CLM-2025-0009-CAS_SAFE_police.pdf,C:\claims_agent\dataset\casualty\loss_reports_100\CLM-2025-0009-CAS_SAFE_loss.pdf,0.0052,0,1,1.0,0.0,0.221,Low,2.0
casualty,CLM-2025-0010,C:\claims_agent\dataset\casualty\accord_form_100\CLM-2025-0010-CAS_SAFE_acord.pdf,C:\claims_agent\dataset\casualty\police_reports_100\PR-10010-CAS_CLM-2025-0010-CAS_SAFE_police.pdf,C:\claims_agent\dataset\casualty\loss_reports_100\CLM-2025-0010-CAS_SAFE_loss.pdf,0.0391,0,1,1.0,0.0,0.2278,Low,2.0
casualty,CLM-2025-0011,C:\claims_agent\dataset\casualty\accord_form_100\CLM-2025-0011-CAS_SAFE_acord.pdf,C:\claims_agent\dataset\casualty\police_reports_100\PR-10011-CAS_CLM-2025-0011-CAS_SAFE_police.pdf,C:\claims_agent\dataset\casualty\loss_reports_100\CLM-2025-0011-CAS_SAFE_loss.pdf,0.0041,0,2,1.0,0.0,0.2408,Low,2.0
casualty,CLM-2025-0012,C:\claims_agent\dataset\casualty\accord_form_100\CLM-2025-0012-CAS_SAFE_acord.pdf,C:\claims_agent\dataset\casualty\police_reports_100\PR-10012-CAS_CLM-2025-0012-CAS_SAFE_police.pdf,C:\claims_agent\dataset\casualty\loss_reports_100\CLM-2025-0012-CAS_SAFE_loss.pdf,0.0401,0,2,1.0,0.0,0.248,Low,2.0
casualty,CLM-2025-0013,C:\claims_agent\dataset\casualty\accord_form_100\CLM-2025-0013-CAS_SAFE_acord.pdf,C:\claims_agent\dataset\casualty\police_reports_100\PR-10013-CAS_CLM-2025-0013-CAS_SAFE_police.pdf,C:\claims_agent\dataset\casualty\loss_reports_100\CLM-2025-0013-CAS_SAFE_loss.pdf,0.0055,0,2,1.0,0.0,0.2411,Low,2.0
casualty,CLM-2025-0014,C:\claims_agent\dataset\casualty\accord_form_100\CLM-2025-0014-CAS_SAFE_acord.pdf,C:\claims_agent\dataset\casualty\police_reports_100\PR-10014-CAS_CLM-2025-0014-CAS_SAFE_police.pdf,C:\claims_agent\dataset\casualty\loss_reports_100\CLM-2025-0014-CAS_SAFE_loss.pdf,0.0347,0,0,1.0,0.0,0.2069,Low,2.0
casualty,CLM-2025-0015,C:\claims_agent\dataset\casualty\accord_form_100\CLM-2025-0015-CAS_SAFE_acord.pdf,C:\claims_agent\dataset\casualty\police_reports_100\PR-10015-CAS_CLM-2025-0015-CAS_SAFE_police.pdf,C:\claims_agent\dataset\casualty\loss_reports_100\CLM-2025-0015-CAS_SAFE_loss.pdf,0.013,0,0,1.0,0.0,0.2026,Low,2.0
casualty,CLM-2025-0016,C:\claims_agent\dataset\casualty\accord_form_100\CLM-2025-0016-CAS_SAFE_acord.pdf,C:\claims_agent\dataset\casualty\police_reports_100\PR-10016-CAS_CLM-2025-0016-CAS_SAFE_police.pdf,C:\claims_agent\dataset\casualty\loss_reports_100\CLM-2025-0016-CAS_SAFE_loss.pdf,0.0338,0,2,1.0,0.0,0.2468,Low,2.0
casualty,CLM-2025-0017,C:\claims_agent\dataset\casualty\accord_form_100\CLM-2025-0017-CAS_SAFE_acord.pdf,C:\claims_agent\dataset\casualty\police_reports_100\PR-10017-CAS_CLM-2025-0017-CAS_SAFE_police.pdf,C:\claims_agent\dataset\casualty\loss_reports_100\CLM-2025-0017-CAS_SAFE_loss.pdf,0.0165,0,1,1.0,0.0,0.2233,Low,2.0
casualty,CLM-2025-0018,C:\claims_agent\dataset\casualty\accord_form_100\CLM-2025-0018-CAS_SAFE_acord.pdf,C:\claims_agent\dataset\casualty\police_reports_100\PR-10018-CAS_CLM-2025-0018-CAS_SAFE_police.pdf,C:\claims_agent\dataset\casualty\loss_reports_100\CLM-2025-0018-CAS_SAFE_loss.pdf,0.0259,0,2,1.0,0.0,0.2452,Low,2.0
casualty,CLM-2025-0019,C:\claims_agent\dataset\casualty\accord_form_100\CLM-2025-0019-CAS_SAFE_acord.pdf,C:\claims_agent\dataset\casualty\police_reports_100\PR-10019-CAS_CLM-2025-0019-CAS_SAFE_police.pdf,C:\claims_agent\dataset\casualty\loss_reports_100\CLM-2025-0019-CAS_SAFE_loss.pdf,0.0193,0,1,1.0,0.0,0.2239,Low,2.0
casualty,CLM-2025-0020,C:\claims_agent\dataset\casualty\accord_form_100\CLM-2025-0020-CAS_SAFE_acord.pdf,C:\claims_agent\dataset\casualty\police_reports_100\PR-10020-CAS_CLM-2025-0020-CAS_SAFE_police.pdf,C:\claims_agent\dataset\casualty\loss_reports_100\CLM-2025-0020-CAS_SAFE_loss.pdf,0.0265,0,0,1.0,0.0,0.2053,Low,2.0
casualty,CLM-2025-0021,C:\claims_agent\dataset\casualty\accord_form_100\CLM-2025-0021-CAS_SAFE_acord.pdf,C:\claims_agent\dataset\casualty\police_reports_100\PR-10021-CAS_CLM-2025-0021-CAS_SAFE_police.pdf,C:\claims_agent\dataset\casualty\loss_reports_100\CLM-2025-0021-CAS_SAFE_loss.pdf,0.0417,0,2,1.0,0.0,0.2483,Low,2.0
casualty,CLM-2025-0022,C:\claims_agent\dataset\casualty\accord_form_100\CLM-2025-0022-CAS_SAFE_acord.pdf,C:\claims_agent\dataset\casualty\police_reports_100\PR-10022-CAS_CLM-2025-0022-CAS_SAFE_police.pdf,C:\claims_agent\dataset\casualty\loss_reports_100\CLM-2025-0022-CAS_SAFE_loss.pdf,0.0,0,2,1.0,0.0,0.24,Low,2.0
casualty,CLM-2025-0023,C:\claims_agent\dataset\casualty\accord_form_100\CLM-2025-0023-CAS_SAFE_acord.pdf,C:\claims_agent\dataset\casualty\police_reports_100\PR-10023-CAS_CLM-2025-0023-CAS_SAFE_police.pdf,C:\claims_agent\dataset\casualty\loss_reports_100\CLM-2025-0023-CAS_SAFE_loss.pdf,0.01,0,2,1.0,0.0,0.242,Low,2.0
casualty,CLM-2025-0024,C:\claims_agent\dataset\casualty\accord_form_100\CLM-2025-0024-CAS_SAFE_acord.pdf,C:\claims_agent\dataset\casualty\police_reports_100\PR-10024-CAS_CLM-2025-0024-CAS_SAFE_police.pdf,C:\claims_agent\dataset\casualty\loss_reports_100\CLM-2025-0024-CAS_SAFE_loss.pdf,0.0062,0,2,1.0,0.0,0.2412,Low,2.0
casualty,CLM-2025-0025,C:\claims_agent\dataset\casualty\accord_form_100\CLM-2025-0025-CAS_SAFE_acord.pdf,C:\claims_agent\dataset\casualty\police_reports_100\PR-10025-CAS_CLM-2025-0025-CAS_SAFE_police.pdf,C:\claims_agent\dataset\casualty\loss_reports_100\CLM-2025-0025-CAS_SAFE_loss.pdf,0.0165,0,1,1.0,0.0,0.2233,Low,2.0
casualty,CLM-2025-0026,C:\claims_agent\dataset\casualty\accord_form_100\CLM-2025-0026-CAS_SAFE_acord.pdf,C:\claims_agent\dataset\casualty\police_reports_100\PR-10026-CAS_CLM-2025-0026-CAS_SAFE_police.pdf,C:\claims_agent\dataset\casualty\loss_reports_100\CLM-2025-0026-CAS_SAFE_loss.pdf,0.0437,0,1,1.0,0.0,0.2287,Low,2.0
casualty,CLM-2025-0027,C:\claims_agent\dataset\casualty\accord_form_100\CLM-2025-0027-CAS_SAFE_acord.pdf,C:\claims_agent\dataset\casualty\police_reports_100\PR-10027-CAS_CLM-2025-0027-CAS_SAFE_police.pdf,C:\claims_agent\dataset\casualty\loss_reports_100\CLM-2025-0027-CAS_SAFE_loss.pdf,0.0128,0,2,1.0,0.0,0.2426,Low,2.0
casualty,CLM-2025-0028,C:\claims_agent\dataset\casualty\accord_form_100\CLM-2025-0028-CAS_SAFE_acord.pdf,C:\claims_agent\dataset\casualty\police_reports_100\PR-10028-CAS_CLM-2025-0028-CAS_SAFE_police.pdf,C:\claims_agent\dataset\casualty\loss_reports_100\CLM-2025-0028-CAS_SAFE_loss.pdf,0.0248,0,0,1.0,0.0,0.205,Low,2.0
casualty,CLM-2025-0029,C:\claims_agent\dataset\casualty\accord_form_100\CLM-2025-0029-CAS_SAFE_acord.pdf,C:\claims_agent\dataset\casualty\police_reports_100\PR-10029-CAS_CLM-2025-0029-CAS_SAFE_police.pdf,C:\claims_agent\dataset\casualty\loss_reports_100\CLM-2025-0029-CAS_SAFE_loss.pdf,0.0044,0,0,1.0,0.0,0.2009,Low,2.0
casualty,CLM-2025-0030,C:\claims_agent\dataset\casualty\accord_form_100\CLM-2025-0030-CAS_SAFE_acord.pdf,C:\claims_agent\dataset\casualty\police_reports_100\PR-10030-CAS_CLM-2025-0030-CAS_SAFE_police.pdf,C:\claims_agent\dataset\casualty\loss_reports_100\CLM-2025-0030-CAS_SAFE_loss.pdf,0.027,0,0,1.0,0.0,0.2054,Low,2.0
casualty,CLM-2025-0031,C:\claims_agent\dataset\casualty\accord_form_100\CLM-2025-0031-CAS_SAFE_acord.pdf,C:\claims_agent\dataset\casualty\police_reports_100\PR-10031-CAS_CLM-2025-0031-CAS_SAFE_police.pdf,C:\claims_agent\dataset\casualty\loss_reports_100\CLM-2025-0031-CAS_SAFE_loss.pdf,0.0039,0,1,1.0,0.0,0.2208,Low,2.0
casualty,CLM-2025-0032,C:\claims_agent\dataset\casualty\accord_form_100\CLM-2025-0032-CAS_SAFE_acord.pdf,C:\claims_agent\dataset\casualty\police_reports_100\PR-10032-CAS_CLM-2025-0032-CAS_SAFE_police.pdf,C:\claims_agent\dataset\casualty\loss_reports_100\CLM-2025-0032-CAS_SAFE_loss.pdf,0.0,0,2,1.0,0.0,0.24,Low,2.0
casualty,CLM-2025-0033,C:\claims_agent\dataset\casualty\accord_form_100\CLM-2025-0033-CAS_SAFE_acord.pdf,C:\claims_agent\dataset\casualty\police_reports_100\PR-10033-CAS_CLM-2025-0033-CAS_SAFE_police.pdf,C:\claims_agent\dataset\casualty\loss_reports_100\CLM-2025-0033-CAS_SAFE_loss.pdf,0.0271,0,2,1.0,0.0,0.2454,Low,2.0
casualty,CLM-2025-0034,C:\claims_agent\dataset\casualty\accord_form_100\CLM-2025-0034-CAS_SAFE_acord.pdf,C:\claims_agent\dataset\casualty\police_reports_100\PR-10034-CAS_CLM-2025-0034-CAS_SAFE_police.pdf,C:\claims_agent\dataset\casualty\loss_reports_100\CLM-2025-0034-CAS_SAFE_loss.pdf,0.0447,0,0,1.0,0.0,0.2089,Low,2.0
casualty,CLM-2025-0035,C:\claims_agent\dataset\casualty\accord_form_100\CLM-2025-0035-CAS_SAFE_acord.pdf,C:\claims_agent\dataset\casualty\police_reports_100\PR-10035-CAS_CLM-2025-0035-CAS_SAFE_police.pdf,C:\claims_agent\dataset\casualty\loss_reports_100\CLM-2025-0035-CAS_SAFE_loss.pdf,0.027,0,0,1.0,0.0,0.2054,Low,2.0
casualty,CLM-2025-0036,C:\claims_agent\dataset\casualty\accord_form_100\CLM-2025-0036-CAS_SAFE_acord.pdf,C:\claims_agent\dataset\casualty\police_reports_100\PR-10036-CAS_CLM-2025-0036-CAS_SAFE_police.pdf,C:\claims_agent\dataset\casualty\loss_reports_100\CLM-2025-0036-CAS_SAFE_loss.pdf,0.0083,0,2,1.0,0.0,0.2417,Low,2.0
casualty,CLM-2025-0037,C:\claims_agent\dataset\casualty\accord_form_100\CLM-2025-0037-CAS_SAFE_acord.pdf,C:\claims_agent\dataset\casualty\police_reports_100\PR-10037-CAS_CLM-2025-0037-CAS_SAFE_police.pdf,C:\claims_agent\dataset\casualty\loss_reports_100\CLM-2025-0037-CAS_SAFE_loss.pdf,0.0229,0,2,1.0,0.0,0.2446,Low,2.0
casualty,CLM-2025-0038,C:\claims_agent\dataset\casualty\accord_form_100\CLM-2025-0038-CAS_SAFE_acord.pdf,C:\claims_agent\dataset\casualty\police_reports_100\PR-10038-CAS_CLM-2025-0038-CAS_SAFE_police.pdf,C:\claims_agent\dataset\casualty\loss_reports_100\CLM-2025-0038-CAS_SAFE_loss.pdf,0.0221,0,2,1.0,0.0,0.2444,Low,2.0
casualty,CLM-2025-0039,C:\claims_agent\dataset\casualty\accord_form_100\CLM-2025-0039-CAS_SAFE_acord.pdf,C:\claims_agent\dataset\casualty\police_reports_100\PR-10039-CAS_CLM-2025-0039-CAS_SAFE_police.pdf,C:\claims_agent\dataset\casualty\loss_reports_100\CLM-2025-0039-CAS_SAFE_loss.pdf,0.042,0,1,1.0,0.0,0.2284,Low,2.0
casualty,CLM-2025-0040,C:\claims_agent\dataset\casualty\accord_form_100\CLM-2025-0040-CAS_SAFE_acord.pdf,C:\claims_agent\dataset\casualty\police_reports_100\PR-10040-CAS_CLM-2025-0040-CAS_SAFE_police.pdf,C:\claims_agent\dataset\casualty\loss_reports_100\CLM-2025-0040-CAS_SAFE_loss.pdf,0.0031,0,2,1.0,0.0,0.2406,Low,2.0
casualty,CLM-2025-0041,C:\claims_agent\dataset\casualty\accord_form_100\CLM-2025-0041-CAS_SAFE_acord.pdf,C:\claims_agent\dataset\casualty\police_reports_100\PR-10041-CAS_CLM-2025-0041-CAS_SAFE_police.pdf,C:\claims_agent\dataset\casualty\loss_reports_100\CLM-2025-0041-CAS_SAFE_loss.pdf,0.012,0,2,1.0,0.0,0.2424,Low,2.0
casualty,CLM-2025-0042,C:\claims_agent\dataset\casualty\accord_form_100\CLM-2025-0042-CAS_SAFE_acord.pdf,C:\claims_agent\dataset\casualty\police_reports_100\PR-10042-CAS_CLM-2025-0042-CAS_SAFE_police.pdf,C:\claims_agent\dataset\casualty\loss_reports_100\CLM-2025-0042-CAS_SAFE_loss.pdf,0.0185,0,1,1.0,0.0,0.2237,Low,2.0
casualty,CLM-2025-0043,C:\claims_agent\dataset\casualty\accord_form_100\CLM-2025-0043-CAS_SAFE_acord.pdf,C:\claims_agent\dataset\casualty\police_reports_100\PR-10043-CAS_CLM-2025-0043-CAS_SAFE_police.pdf,C:\claims_agent\dataset\casualty\loss_reports_100\CLM-2025-0043-CAS_SAFE_loss.pdf,0.0154,0,0,1.0,0.0,0.2031,Low,2.0
casualty,CLM-2025-0044,C:\claims_agent\dataset\casualty\accord_form_100\CLM-2025-0044-CAS_SAFE_acord.pdf,C:\claims_agent\dataset\casualty\police_reports_100\PR-10044-CAS_CLM-2025-0044-CAS_SAFE_police.pdf,C:\claims_agent\dataset\casualty\loss_reports_100\CLM-2025-0044-CAS_SAFE_loss.pdf,0.0296,0,1,1.0,0.0,0.2259,Low,2.0
casualty,CLM-2025-0045,C:\claims_agent\dataset\casualty\accord_form_100\CLM-2025-0045-CAS_SAFE_acord.pdf,C:\claims_agent\dataset\casualty\police_reports_100\PR-10045-CAS_CLM-2025-0045-CAS_SAFE_police.pdf,C:\claims_agent\dataset\casualty\loss_reports_100\CLM-2025-0045-CAS_SAFE_loss.pdf,0.0457,0,1,1.0,0.0,0.2291,Low,2.0
casualty,CLM-2025-0046,C:\claims_agent\dataset\casualty\accord_form_100\CLM-2025-0046-CAS_SAFE_acord.pdf,C:\claims_agent\dataset\casualty\police_reports_100\PR-10046-CAS_CLM-2025-0046-CAS_SAFE_police.pdf,C:\claims_agent\dataset\casualty\loss_reports_100\CLM-2025-0046-CAS_SAFE_loss.pdf,0.0259,0,2,1.0,0.0,0.2452,Low,2.0
casualty,CLM-2025-0047,C:\claims_agent\dataset\casualty\accord_form_100\CLM-2025-0047-CAS_SAFE_acord.pdf,C:\claims_agent\dataset\casualty\police_reports_100\PR-10047-CAS_CLM-2025-0047-CAS_SAFE_police.pdf,C:\claims_agent\dataset\casualty\loss_reports_100\CLM-2025-0047-CAS_SAFE_loss.pdf,0.0288,0,0,1.0,0.0,0.2058,Low,2.0
casualty,CLM-2025-0048,C:\claims_agent\dataset\casualty\accord_form_100\CLM-2025-0048-CAS_SAFE_acord.pdf,C:\claims_agent\dataset\casualty\police_reports_100\PR-10048-CAS_CLM-2025-0048-CAS_SAFE_police.pdf,C:\claims_agent\dataset\casualty\loss_reports_100\CLM-2025-0048-CAS_SAFE_loss.pdf,0.0292,0,2,1.0,0.0,0.2458,Low,2.0
casualty,CLM-2025-0049,C:\claims_agent\dataset\casualty\accord_form_100\CLM-2025-0049-CAS_SAFE_acord.pdf,C:\claims_agent\dataset\casualty\police_reports_100\PR-10049-CAS_CLM-2025-0049-CAS_SAFE_police.pdf,C:\claims_agent\dataset\casualty\loss_reports_100\CLM-2025-0049-CAS_SAFE_loss.pdf,0.0115,0,2,1.0,0.0,0.2423,Low,2.0
casualty,CLM-2025-0050,C:\claims_agent\dataset\casualty\accord_form_100\CLM-2025-0050-CAS_SAFE_acord.pdf,C:\claims_agent\dataset\casualty\police_reports_100\PR-10050-CAS_CLM-2025-0050-CAS_SAFE_police.pdf,C:\claims_agent\dataset\casualty\loss_reports_100\CLM-2025-0050-CAS_SAFE_loss.pdf,0.046,0,2,1.0,0.0,0.2492,Low,2.0
casualty,CLM-2025-0051,C:\claims_agent\dataset\casualty\accord_form_100\CLM-2025-0051-CAS_SAFE_acord.pdf,C:\claims_agent\dataset\casualty\police_reports_100\PR-10051-CAS_CLM-2025-0051-CAS_SAFE_police.pdf,C:\claims_agent\dataset\casualty\loss_reports_100\CLM-2025-0051-CAS_SAFE_loss.pdf,0.0369,0,2,1.0,0.0,0.2474,Low,2.0
casualty,CLM-2025-0052,C:\claims_agent\dataset\casualty\accord_form_100\CLM-2025-0052-CAS_SAFE_acord.pdf,C:\claims_agent\dataset\casualty\police_reports_100\PR-10052-CAS_CLM-2025-0052-CAS_SAFE_police.pdf,C:\claims_agent\dataset\casualty\loss_reports_100\CLM-2025-0052-CAS_SAFE_loss.pdf,0.0269,0,0,1.0,0.0,0.2054,Low,2.0
casualty,CLM-2025-0053,C:\claims_agent\dataset\casualty\accord_form_100\CLM-2025-0053-CAS_SAFE_acord.pdf,C:\claims_agent\dataset\casualty\police_reports_100\PR-10053-CAS_CLM-2025-0053-CAS_SAFE_police.pdf,C:\claims_agent\dataset\casualty\loss_reports_100\CLM-2025-0053-CAS_SAFE_loss.pdf,0.0204,0,2,1.0,0.0,0.2441,Low,2.0
casualty,CLM-2025-0054,C:\claims_agent\dataset\casualty\accord_form_100\CLM-2025-0054-CAS_SAFE_acord.pdf,C:\claims_agent\dataset\casualty\police_reports_100\PR-10054-CAS_CLM-2025-0054-CAS_SAFE_police.pdf,C:\claims_agent\dataset\casualty\loss_reports_100\CLM-2025-0054-CAS_SAFE_loss.pdf,0.0042,0,0,1.0,0.0,0.2008,Low,2.0
casualty,CLM-2025-0055,C:\claims_agent\dataset\casualty\accord_form_100\CLM-2025-0055-CAS_SAFE_acord.pdf,C:\claims_agent\dataset\casualty\police_reports_100\PR-10055-CAS_CLM-2025-0055-CAS_SAFE_police.pdf,C:\claims_agent\dataset\casualty\loss_reports_100\CLM-2025-0055-CAS_SAFE_loss.pdf,0.0348,0,1,1.0,0.0,0.227,Low,2.0
casualty,CLM-2025-0056,C:\claims_agent\dataset\casualty\accord_form_100\CLM-2025-0056-CAS_SAFE_acord.pdf,C:\claims_agent\dataset\casualty\police_reports_100\PR-10056-CAS_CLM-2025-0056-CAS_SAFE_police.pdf,C:\claims_agent\dataset\casualty\loss_reports_100\CLM-2025-0056-CAS_SAFE_loss.pdf,0.0342,0,1,1.0,0.0,0.2268,Low,2.0
casualty,CLM-2025-0057,C:\claims_agent\dataset\casualty\accord_form_100\CLM-2025-0057-CAS_SAFE_acord.pdf,C:\claims_agent\dataset\casualty\police_reports_100\PR-10057-CAS_CLM-2025-0057-CAS_SAFE_police.pdf,C:\claims_agent\dataset\casualty\loss_reports_100\CLM-2025-0057-CAS_SAFE_loss.pdf,0.0223,0,0,1.0,0.0,0.2045,Low,2.0
casualty,CLM-2025-0058,C:\claims_agent\dataset\casualty\accord_form_100\CLM-2025-0058-CAS_SAFE_acord.pdf,C:\claims_agent\dataset\casualty\police_reports_100\PR-10058-CAS_CLM-2025-0058-CAS_SAFE_police.pdf,C:\claims_agent\dataset\casualty\loss_reports_100\CLM-2025-0058-CAS_SAFE_loss.pdf,0.0039,0,1,1.0,0.0,0.2208,Low,2.0
casualty,CLM-2025-0059,C:\claims_agent\dataset\casualty\accord_form_100\CLM-2025-0059-CAS_SAFE_acord.pdf,C:\claims_agent\dataset\casualty\police_reports_100\PR-10059-CAS_CLM-2025-0059-CAS_SAFE_police.pdf,C:\claims_agent\dataset\casualty\loss_reports_100\CLM-2025-0059-CAS_SAFE_loss.pdf,0.0345,0,0,1.0,0.0,0.2069,Low,2.0
casualty,CLM-2025-0060,C:\claims_agent\dataset\casualty\accord_form_100\CLM-2025-0060-CAS_SAFE_acord.pdf,C:\claims_agent\dataset\casualty\police_reports_100\PR-10060-CAS_CLM-2025-0060-CAS_SAFE_police.pdf,C:\claims_agent\dataset\casualty\loss_reports_100\CLM-2025-0060-CAS_SAFE_loss.pdf,0.0162,0,0,1.0,0.0,0.2032,Low,2.0
casualty,CLM-2025-0061,C:\claims_agent\dataset\casualty\accord_form_100\CLM-2025-0061-CAS_SAFE_acord.pdf,C:\claims_agent\dataset\casualty\police_reports_100\PR-10061-CAS_CLM-2025-0061-CAS_SAFE_police.pdf,C:\claims_agent\dataset\casualty\loss_reports_100\CLM-2025-0061-CAS_SAFE_loss.pdf,0.0315,0,1,1.0,0.0,0.2263,Low,2.0
casualty,CLM-2025-0062,C:\claims_agent\dataset\casualty\accord_form_100\CLM-2025-0062-CAS_SAFE_acord.pdf,C:\claims_agent\dataset\casualty\police_reports_100\PR-10062-CAS_CLM-2025-0062-CAS_SAFE_police.pdf,C:\claims_agent\dataset\casualty\loss_reports_100\CLM-2025-0062-CAS_SAFE_loss.pdf,0.0315,0,0,1.0,0.0,0.2063,Low,2.0
casualty,CLM-2025-0063,C:\claims_agent\dataset\casualty\accord_form_100\CLM-2025-0063-CAS_SAFE_acord.pdf,C:\claims_agent\dataset\casualty\police_reports_100\PR-10063-CAS_CLM-2025-0063-CAS_SAFE_police.pdf,C:\claims_agent\dataset\casualty\loss_reports_100\CLM-2025-0063-CAS_SAFE_loss.pdf,0.0,0,0,1.0,0.0,0.2,Low,1.0
casualty,CLM-2025-0064,C:\claims_agent\dataset\casualty\accord_form_100\CLM-2025-0064-CAS_SAFE_acord.pdf,C:\claims_agent\dataset\casualty\police_reports_100\PR-10064-CAS_CLM-2025-0064-CAS_SAFE_police.pdf,C:\claims_agent\dataset\casualty\loss_reports_100\CLM-2025-0064-CAS_SAFE_loss.pdf,0.004,0,2,1.0,0.0,0.2408,Low,2.0
casualty,CLM-2025-0065,C:\claims_agent\dataset\casualty\accord_form_100\CLM-2025-0065-CAS_SAFE_acord.pdf,C:\claims_agent\dataset\casualty\police_reports_100\PR-10065-CAS_CLM-2025-0065-CAS_SAFE_police.pdf,C:\claims_agent\dataset\casualty\loss_reports_100\CLM-2025-0065-CAS_SAFE_loss.pdf,0.0109,0,2,1.0,0.0,0.2422,Low,2.0
casualty,CLM-2025-0066,C:\claims_agent\dataset\casualty\accord_form_100\CLM-2025-0066-CAS_SAFE_acord.pdf,C:\claims_agent\dataset\casualty\police_reports_100\PR-10066-CAS_CLM-2025-0066-CAS_SAFE_police.pdf,C:\claims_agent\dataset\casualty\loss_reports_100\CLM-2025-0066-CAS_SAFE_loss.pdf,0.0203,0,0,1.0,0.0,0.2041,Low,2.0
casualty,CLM-2025-0067,C:\claims_agent\dataset\casualty\accord_form_100\CLM-2025-0067-CAS_SAFE_acord.pdf,C:\claims_agent\dataset\casualty\police_reports_100\PR-10067-CAS_CLM-2025-0067-CAS_SAFE_police.pdf,C:\claims_agent\dataset\casualty\loss_reports_100\CLM-2025-0067-CAS_SAFE_loss.pdf,0.0117,0,0,1.0,0.0,0.2023,Low,2.0
casualty,CLM-2025-0068,C:\claims_agent\dataset\casualty\accord_form_100\CLM-2025-0068-CAS_SAFE_acord.pdf,C:\claims_agent\dataset\casualty\police_reports_100\PR-10068-CAS_CLM-2025-0068-CAS_SAFE_police.pdf,C:\claims_agent\dataset\casualty\loss_reports_100\CLM-2025-0068-CAS_SAFE_loss.pdf,0.0121,0,0,1.0,0.0,0.2024,Low,2.0
casualty,CLM-2025-0069,C:\claims_agent\dataset\casualty\accord_form_100\CLM-2025-0069-CAS_SAFE_acord.pdf,C:\claims_agent\dataset\casualty\police_reports_100\PR-10069-CAS_CLM-2025-0069-CAS_SAFE_police.pdf,C:\claims_agent\dataset\casualty\loss_reports_100\CLM-2025-0069-CAS_SAFE_loss.pdf,0.0171,0,2,1.0,0.0,0.2434,Low,2.0
casualty,CLM-2025-0070,C:\claims_agent\dataset\casualty\accord_form_100\CLM-2025-0070-CAS_SAFE_acord.pdf,C:\claims_agent\dataset\casualty\police_reports_100\PR-10070-CAS_CLM-2025-0070-CAS_SAFE_police.pdf,C:\claims_agent\dataset\casualty\loss_reports_100\CLM-2025-0070-CAS_SAFE_loss.pdf,0.0459,0,2,1.0,0.0,0.2492,Low,2.0
casualty,CLM-2025-0071,C:\claims_agent\dataset\casualty\accord_form_100\CLM-2025-0071-CAS_SAFE_acord.pdf,C:\claims_agent\dataset\casualty\police_reports_100\PR-10071-CAS_CLM-2025-0071-CAS_SAFE_police.pdf,C:\claims_agent\dataset\casualty\loss_reports_100\CLM-2025-0071-CAS_SAFE_loss.pdf,0.0394,0,2,1.0,0.0,0.2479,Low,2.0
casualty,CLM-2025-0072,C:\claims_agent\dataset\casualty\accord_form_100\CLM-2025-0072-CAS_SAFE_acord.pdf,C:\claims_agent\dataset\casualty\police_reports_100\PR-10072-CAS_CLM-2025-0072-CAS_SAFE_police.pdf,C:\claims_agent\dataset\casualty\loss_reports_100\CLM-2025-0072-CAS_SAFE_loss.pdf,0.0101,0,2,1.0,0.0,0.242,Low,2.0
casualty,CLM-2025-0073,C:\claims_agent\dataset\casualty\accord_form_100\CLM-2025-0073-CAS_SAFE_acord.pdf,C:\claims_agent\dataset\casualty\police_reports_100\PR-10073-CAS_CLM-2025-0073-CAS_SAFE_police.pdf,C:\claims_agent\dataset\casualty\loss_reports_100\CLM-2025-0073-CAS_SAFE_loss.pdf,0.0137,0,1,1.0,0.0,0.2227,Low,2.0
casualty,CLM-2025-0074,C:\claims_agent\dataset\casualty\accord_form_100\CLM-2025-0074-CAS_SAFE_acord.pdf,C:\claims_agent\dataset\casualty\police_reports_100\PR-10074-CAS_CLM-2025-0074-CAS_SAFE_police.pdf,C:\claims_agent\dataset\casualty\loss_reports_100\CLM-2025-0074-CAS_SAFE_loss.pdf,0.0296,0,2,1.0,0.0,0.2459,Low,2.0
casualty,CLM-2025-0075,C:\claims_agent\dataset\casualty\accord_form_100\CLM-2025-0075-CAS_SAFE_acord.pdf,C:\claims_agent\dataset\casualty\police_reports_100\PR-10075-CAS_CLM-2025-0075-CAS_SAFE_police.pdf,C:\claims_agent\dataset\casualty\loss_reports_100\CLM-2025-0075-CAS_SAFE_loss.pdf,0.0305,0,0,1.0,0.0,0.2061,Low,2.0
casualty,CLM-2025-0076,C:\claims_agent\dataset\casualty\accord_form_100\CLM-2025-0076-CAS_SAFE_acord.pdf,C:\claims_agent\dataset\casualty\police_reports_100\PR-10076-CAS_CLM-2025-0076-CAS_SAFE_police.pdf,C:\claims_agent\dataset\casualty\loss_reports_100\CLM-2025-0076-CAS_SAFE_loss.pdf,0.0139,0,2,1.0,0.0,0.2428,Low,2.0
casualty,CLM-2025-0077,C:\claims_agent\dataset\casualty\accord_form_100\CLM-2025-0077-CAS_SAFE_acord.pdf,C:\claims_agent\dataset\casualty\police_reports_100\PR-10077-CAS_CLM-2025-0077-CAS_SAFE_police.pdf,C:\claims_agent\dataset\casualty\loss_reports_100\CLM-2025-0077-CAS_SAFE_loss.pdf,0.042,0,2,1.0,0.0,0.2484,Low,2.0
casualty,CLM-2025-0078,C:\claims_agent\dataset\casualty\accord_form_100\CLM-2025-0078-CAS_SAFE_acord.pdf,C:\claims_agent\dataset\casualty\police_reports_100\PR-10078-CAS_CLM-2025-0078-CAS_SAFE_police.pdf,C:\claims_agent\dataset\casualty\loss_reports_100\CLM-2025-0078-CAS_SAFE_loss.pdf,0.0295,0,2,1.0,0.0,0.2459,Low,2.0
casualty,CLM-2025-0079,C:\claims_agent\dataset\casualty\accord_form_100\CLM-2025-0079-CAS_SAFE_acord.pdf,C:\claims_agent\dataset\casualty\police_reports_100\PR-10079-CAS_CLM-2025-0079-CAS_SAFE_police.pdf,C:\claims_agent\dataset\casualty\loss_reports_100\CLM-2025-0079-CAS_SAFE_loss.pdf,0.0,0,0,1.0,0.0,0.2,Low,1.0
casualty,CLM-2025-0080,C:\claims_agent\dataset\casualty\accord_form_100\CLM-2025-0080-CAS_SAFE_acord.pdf,C:\claims_agent\dataset\casualty\police_reports_100\PR-10080-CAS_CLM-2025-0080-CAS_SAFE_police.pdf,C:\claims_agent\dataset\casualty\loss_reports_100\CLM-2025-0080-CAS_SAFE_loss.pdf,0.0264,0,0,1.0,0.0,0.2053,Low,2.0
casualty,CLM-2025-0081,C:\claims_agent\dataset\casualty\accord_form_100\CLM-2025-0081-CAS_RISK_acord.pdf,C:\claims_agent\dataset\casualty\police_reports_100\PR-10081-CAS_CLM-2025-0081-CAS_RISK_police.pdf,C:\claims_agent\dataset\casualty\loss_reports_100\CLM-2025-0081-CAS_RISK_loss.pdf,0.4053,0,17,0.0,0.0,0.6811,Low,4.0
casualty,CLM-2025-0082,C:\claims_agent\dataset\casualty\accord_form_100\CLM-2025-0082-CAS_RISK_acord.pdf,C:\claims_agent\dataset\casualty\police_reports_100\PR-10082-CAS_CLM-2025-0082-CAS_RISK_police.pdf,C:\claims_agent\dataset\casualty\loss_reports_100\CLM-2025-0082-CAS_RISK_loss.pdf,3.0625,1,25,0.0,0.0,1.4125,High,4.0
casualty,CLM-2025-0083,C:\claims_agent\dataset\casualty\accord_form_100\CLM-2025-0083-CAS_RISK_acord.pdf,C:\claims_agent\dataset\casualty\police_reports_100\PR-10083-CAS_CLM-2025-0083-CAS_RISK_police.pdf,C:\claims_agent\dataset\casualty\loss_reports_100\CLM-2025-0083-CAS_RISK_loss.pdf,0.472,0,30,0.0,0.0,0.6944,Low,4.0
casualty,CLM-2025-0084,C:\claims_agent\dataset\casualty\accord_form_100\CLM-2025-0084-CAS_RISK_acord.pdf,C:\claims_agent\dataset\casualty\police_reports_100\PR-10084-CAS_CLM-2025-0084-CAS_RISK_police.pdf,C:\claims_agent\dataset\casualty\loss_reports_100\CLM-2025-0084-CAS_RISK_loss.pdf,0.5927,1,7,0.0,0.0,0.8585,High,4.0
casualty,CLM-2025-0085,C:\claims_agent\dataset\casualty\accord_form_100\CLM-2025-0085-CAS_RISK_acord.pdf,C:\claims_agent\dataset\casualty\police_reports_100\PR-10085-CAS_CLM-2025-0085-CAS_RISK_police.pdf,C:\claims_agent\dataset\casualty\loss_reports_100\CLM-2025-0085-CAS_RISK_loss.pdf,3.2426,0,19,0.0,0.0,1.2485,Low,4.0
casualty,CLM-2025-0086,C:\claims_agent\dataset\casualty\accord_form_100\CLM-2025-0086-CAS_RISK_acord.pdf,C:\claims_agent\dataset\casualty\police_reports_100\PR-10086-CAS_CLM-2025-0086-CAS_RISK_police.pdf,C:\claims_agent\dataset\casualty\loss_reports_100\CLM-2025-0086-CAS_RISK_loss.pdf,0.5633,0,12,0.0,0.0,0.7127,Low,4.0
casualty,CLM-2025-0087,C:\claims_agent\dataset\casualty\accord_form_100\CLM-2025-0087-CAS_RISK_acord.pdf,C:\claims_agent\dataset\casualty\police_reports_100\PR-10087-CAS_CLM-2025-0087-CAS_RISK_police.pdf,C:\claims_agent\dataset\casualty\loss_reports_100\CLM-2025-0087-CAS_RISK_loss.pdf,0.459,0,11,0.0,0.0,0.6918,Low,4.0
casualty,CLM-2025-0088,C:\claims_agent\dataset\casualty\accord_form_100\CLM-2025-0088-CAS_RISK_acord.pdf,C:\claims_agent\dataset\casualty\police_reports_100\PR-10088-CAS_CLM-2025-0088-CAS_RISK_police.pdf,C:\claims_agent\dataset\casualty\loss_reports_100\CLM-2025-0088-CAS_RISK_loss.pdf,2.7373,1,8,0.0,0.0,1.3075,High,4.0
casualty,CLM-2025-0089,C:\claims_agent\dataset\casualty\accord_form_100\CLM-2025-0089-CAS_RISK_acord.pdf,C:\claims_agent\dataset\casualty\police_reports_100\PR-10089-CAS_CLM-2025-0089-CAS_RISK_police.pdf,C:\claims_agent\dataset\casualty\loss_reports_100\CLM-2025-0089-CAS_RISK_loss.pdf,0.4293,1,30,0.0,0.0,0.8859,High,4.0
casualty,CLM-2025-0090,C:\claims_agent\dataset\casualty\accord_form_100\CLM-2025-0090-CAS_RISK_acord.pdf,C:\claims_agent\dataset\casualty\police_reports_100\PR-10090-CAS_CLM-2025-0090-CAS_RISK_police.pdf,C:\claims_agent\dataset\casualty\loss_reports_100\CLM-2025-0090-CAS_RISK_loss.pdf,2.5789,0,23,0.0,0.0,1.1158,Low,4.0
casualty,CLM-2025-0091,C:\claims_agent\dataset\casualty\accord_form_100\CLM-2025-0091-CAS_RISK_acord.pdf,C:\claims_agent\dataset\casualty\police_reports_100\PR-10091-CAS_CLM-2025-0091-CAS_RISK_police.pdf,C:\claims_agent\dataset\casualty\loss_reports_100\CLM-2025-0091-CAS_RISK_loss.pdf,0.5622,1,23,0.0,0.0,0.9124,High,4.0
casualty,CLM-2025-0092,C:\claims_agent\dataset\casualty\accord_form_100\CLM-2025-0092-CAS_RISK_acord.pdf,C:\claims_agent\dataset\casualty\police_reports_100\PR-10092-CAS_CLM-2025-0092-CAS_RISK_police.pdf,C:\claims_agent\dataset\casualty\loss_reports_100\CLM-2025-0092-CAS_RISK_loss.pdf,0.4733,1,10,0.0,0.0,0.8947,High,4.0
casualty,CLM-2025-0093,C:\claims_agent\dataset\casualty\accord_form_100\CLM-2025-0093-CAS_RISK_acord.pdf,C:\claims_agent\dataset\casualty\police_reports_100\PR-10093-CAS_CLM-2025-0093-CAS_RISK_police.pdf,C:\claims_agent\dataset\casualty\loss_reports_100\CLM-2025-0093-CAS_RISK_loss.pdf,0.5363,1,18,0.0,0.0,0.9073,High,4.0
casualty,CLM-2025-0094,C:\claims_agent\dataset\casualty\accord_form_100\CLM-2025-0094-CAS_RISK_acord.pdf,C:\claims_agent\dataset\casualty\police_reports_100\PR-10094-CAS_CLM-2025-0094-CAS_RISK_police.pdf,C:\claims_agent\dataset\casualty\loss_reports_100\CLM-2025-0094-CAS_RISK_loss.pdf,0.4855,1,14,0.0,0.0,0.8971,High,4.0
casualty,CLM-2025-0095,C:\claims_agent\dataset\casualty\accord_form_100\CLM-2025-0095-CAS_RISK_acord.pdf,C:\claims_agent\dataset\casualty\police_reports_100\PR-10095-CAS_CLM-2025-0095-CAS_RISK_police.pdf,C:\claims_agent\dataset\casualty\loss_reports_100\CLM-2025-0095-CAS_RISK_loss.pdf,2.9217,1,9,0.0,0.0,1.3643,High,4.0
casualty,CLM-2025-0096,C:\claims_agent\dataset\casualty\accord_form_100\CLM-2025-0096-CAS_RISK_acord.pdf,C:\claims_agent\dataset\casualty\police_reports_100\PR-10096-CAS_CLM-2025-0096-CAS_RISK_police.pdf,C:\claims_agent\dataset\casualty\loss_reports_100\CLM-2025-0096-CAS_RISK_loss.pdf,3.2957,0,9,0.0,0.0,1.2391,Low,4.0
casualty,CLM-2025-0097,C:\claims_agent\dataset\casualty\accord_form_100\CLM-2025-0097-CAS_RISK_acord.pdf,C:\claims_agent\dataset\casualty\police_reports_100\PR-10097-CAS_CLM-2025-0097-CAS_RISK_police.pdf,C:\claims_agent\dataset\casualty\loss_reports_100\CLM-2025-0097-CAS_RISK_loss.pdf,4.1324,1,17,0.0,0.0,1.6265,High,4.0
casualty,CLM-2025-0098,C:\claims_agent\dataset\casualty\accord_form_100\CLM-2025-0098-CAS_RISK_acord.pdf,C:\claims_agent\dataset\casualty\police_reports_100\PR-10098-CAS_CLM-2025-0098-CAS_RISK_police.pdf,C:\claims_agent\dataset\casualty\loss_reports_100\CLM-2025-0098-CAS_RISK_loss.pdf,3.8191,1,10,0.0,0.0,1.5638,High,4.0
casualty,CLM-2025-0099,C:\claims_agent\dataset\casualty\accord_form_100\CLM-2025-0099-CAS_RISK_acord.pdf,C:\claims_agent\dataset\casualty\police_reports_100\PR-10099-CAS_CLM-2025-0099-CAS_RISK_police.pdf,C:\claims_agent\dataset\casualty\loss_reports_100\CLM-2025-0099-CAS_RISK_loss.pdf,4.608,0,29,0.0,0.0,1.5216,Low,4.0
casualty,CLM-2025-0100,C:\claims_agent\dataset\casualty\accord_form_100\CLM-2025-0100-CAS_RISK_acord.pdf,C:\claims_agent\dataset\casualty\police_reports_100\PR-10100-CAS_CLM-2025-0100-CAS_RISK_police.pdf,C:\claims_agent\dataset\casualty\loss_reports_100\CLM-2025-0100-CAS_RISK_loss.pdf,0.4305,0,29,0.0,0.0,0.6861,Low,4.0
